deviceId,date,status,cnt
id_RTA6NEM,2022-09-01,ACT,5
id_RTA6NEM,2022-09-01,NOT_ACT,4
id_RTA6NEM,2022-09-01,ACT,10
id_RTA6NEM,2022-09-01,NOT_ACT,3
id_RTA6NEM,2022-09-01,NOT_ACT,8
id_RTA6NEM,2022-09-01,ACT,23
id_RTA6NEM,2022-09-01,ACT,41
id_RTA6NEM,2022-09-01,ACT,25
id_RTA6NEM,2022-09-01,ACT,4
id_RTA6NEM,2022-09-01,NOT_ACT,1
id_RTA6NEM,2022-09-01,ACT,27
id_RTA6NEM,2022-09-01,NOT_ACT,4
id_RTA6NEM,2022-09-01,ACT,6
id_RTA6NEM,2022-09-01,NOT_ACT,9
id_RTA6NEM,2022-09-01,NOT_ACT,7
id_RTA6NEM,2022-09-01,NOT_ACT,3
id_RTA6NEM,2022-09-01,ACT,31
id_RTA6NEM,2022-09-01,ACT,3
id_RTA6NEM,2022-09-01,ACT,13
id_RTA6NEM,2022-09-01,ACT,17
id_RTA6NEM,2022-09-01,NOT_ACT,11
id_RTA6NEM,2022-09-01,ACT,11
id_RTA6NEM,2022-09-01,ACT,9
id_RTA6NEM,2022-09-01,NOT_ACT,3
id_RTA6NEM,2022-09-01,NOT_ACT,1
id_RTA6NEM,2022-09-01,NOT_ACT,4
id_RTA6NEM,2022-09-01,ACT,6
id_RTA6NEM,2022-09-01,ACT,17
id_RTA6NEM,2022-09-01,ACT,145
id_RTA6NEM,2022-09-01,ACT,126
id_RTA6NEM,2022-09-01,NOT_ACT,3
id_RTA6NEM,2022-09-01,ACT,37
id_RTA6NEM,2022-09-01,ACT,37
id_RTA6NEM,2022-09-01,ACT,43
id_RTA6NEM,2022-09-01,NOT_ACT,1
id_RTA6NEM,2022-09-01,ACT,13
id_RTA6NEM,2022-09-01,ACT,3
id_RTA6NEM,2022-09-01,NOT_ACT,1
id_RTA6NEM,2022-09-01,ACT,44
id_RTA6NEM,2022-09-01,ACT,24
id_RTA6NEM,2022-09-01,NOT_ACT,31
id_RTA6NEM,2022-09-01,NOT_ACT,8
id_RTA6NEM,2022-09-01,ACT,63
id_RTA6NEM,2022-09-01,NOT_ACT,2
id_RTA6NEM,2022-09-01,NOT_ACT,12
id_RTA6NEM,2022-09-01,ACT,16
id_RTA6NEM,2022-09-01,NOT_ACT,17
id_RTA6NEM,2022-09-01,NOT_ACT,33
id_RTA6NEM,2022-09-01,NOT_ACT,24
id_RTA6NEM,2022-09-01,NOT_ACT,3
id_RTA6NEM,2022-09-01,ACT,12
id_RTA6NEM,2022-09-01,ACT,5
id_RTA6NEM,2022-09-01,ACT,118
id_RTA6NEM,2022-09-01,ACT,134
id_RTA6NEM,2022-09-01,ACT,78
id_RTA6NEM,2022-09-01,NOT_ACT,18
id_RTA6NEM,2022-09-01,NOT_ACT,32
id_RTA6NEM,2022-09-01,NOT_ACT,40
id_RTA6NEM,2022-09-01,NOT_ACT,36
id_RTA6NEM,2022-09-01,ACT,62
id_RTA6NEM,2022-09-01,ACT,66
id_RTA6NEM,2022-09-01,ACT,23
id_RTA6NEM,2022-09-01,ACT,16
id_RTA6NEM,2022-09-01,ACT,7
id_RTA6NEM,2022-09-01,NOT_ACT,11
id_RTA6NEM,2022-09-01,NOT_ACT,11
id_RTA6NEM,2022-09-01,NOT_ACT,26
id_RTA6NEM,2022-09-01,NOT_ACT,40
id_RTA6NEM,2022-09-01,NOT_ACT,60
id_RTA6NEM,2022-09-01,NOT_ACT,35
id_RTA6NEM,2022-09-01,ACT,15
id_RTA6NEM,2022-09-01,ACT,42
id_RTA6NEM,2022-09-01,NOT_ACT,67
id_RTA6NEM,2022-09-01,NOT_ACT,18
id_RTA6NEM,2022-09-01,ACT,98
id_RTA6NEM,2022-09-01,ACT,18
id_RTA6NEM,2022-09-01,ACT,13
id_RTA6NEM,2022-09-01,NOT_ACT,4
id_RTA6NEM,2022-09-01,ACT,15
id_RTA6NEM,2022-09-01,NOT_ACT,9
id_RTA6NEM,2022-09-01,NOT_ACT,1
id_RTA6NEM,2022-09-01,NOT_ACT,84
id_RTA6NEM,2022-09-01,ACT,157
id_RTA6NEM,2022-09-01,ACT,40
id_RTA6NEM,2022-09-01,NOT_ACT,86
id_RTA6NEM,2022-09-01,ACT,131
id_RTA6NEM,2022-09-01,ACT,6
id_RTA6NEM,2022-09-01,NOT_ACT,3
id_RTA6NEM,2022-09-01,ACT,59
id_RTA6NEM,2022-09-01,NOT_ACT,19
id_RTA6NEM,2022-09-01,ACT,19
id_RTA6NEM,2022-09-01,ACT,3
id_RTA6NEM,2022-09-01,ACT,2
id_RTA6NEM,2022-09-01,ACT,8
id_RTA6NEM,2022-09-01,ACT,25
id_RTA6NEM,2022-09-01,NOT_ACT,11
id_RTA6NEM,2022-09-01,ACT,24
id_RTA6NEM,2022-09-01,ACT,10
id_RTA6NEM,2022-09-01,NOT_ACT,87
id_RTA6NEM,2022-09-01,ACT,23
id_RTA6NEM,2022-09-01,ACT,46
id_RTA6NEM,2022-09-01,ACT,148
id_RTA6NEM,2022-09-01,ACT,6
id_RTA6NEM,2022-09-01,NOT_ACT,6
id_RTA6NEM,2022-09-01,NOT_ACT,4
id_RTA6NEM,2022-09-01,NOT_ACT,6
id_RTA6NEM,2022-09-01,ACT,10
id_RTA6NEM,2022-09-01,ACT,81
id_RTA6NEM,2022-09-01,NOT_ACT,9
id_RTA6NEM,2022-09-01,ACT,9
id_RTA6NEM,2022-09-01,ACT,37
id_RTA6NEM,2022-09-02,ABSENCE,24
id_RTA6NEM,2022-09-02,ACT,16
id_RTA6NEM,2022-09-02,ACT,50
id_RTA6NEM,2022-09-02,NOT_ACT,16
id_RTA6NEM,2022-09-02,NOT_ACT,29
id_RTA6NEM,2022-09-02,NOT_ACT,17
id_RTA6NEM,2022-09-02,NOT_ACT,37
id_RTA6NEM,2022-09-02,ACT,76
id_RTA6NEM,2022-09-02,ACT,3
id_RTA6NEM,2022-09-02,NOT_ACT,1
id_RTA6NEM,2022-09-02,NOT_ACT,1
id_RTA6NEM,2022-09-02,ACT,14
id_RTA6NEM,2022-09-02,NOT_ACT,1
id_RTA6NEM,2022-09-02,NOT_ACT,8
id_RTA6NEM,2022-09-02,NOT_ACT,9
id_RTA6NEM,2022-09-02,ACT,43
id_RTA6NEM,2022-09-02,ACT,20
id_RTA6NEM,2022-09-02,ACT,83
id_RTA6NEM,2022-09-02,NOT_ACT,5
id_RTA6NEM,2022-09-02,ACT,31
id_RTA6NEM,2022-09-02,NOT_ACT,127
id_RTA6NEM,2022-09-02,NOT_ACT,175
id_RTA6NEM,2022-09-02,ACT,136
id_RTA6NEM,2022-09-02,ACT,32
id_RTA6NEM,2022-09-02,ACT,75
id_RTA6NEM,2022-09-02,ACT,102
id_RTA6NEM,2022-09-02,NOT_ACT,37
id_RTA6NEM,2022-09-02,ACT,70
id_RTA6NEM,2022-09-02,ACT,31
id_RTA6NEM,2022-09-02,NOT_ACT,2
id_RTA6NEM,2022-09-02,NOT_ACT,6
id_RTA6NEM,2022-09-02,NOT_ACT,8
id_RTA6NEM,2022-09-02,ACT,7
id_RTA6NEM,2022-09-02,NOT_ACT,3
id_RTA6NEM,2022-09-02,NOT_ACT,3
id_RTA6NEM,2022-09-02,NOT_ACT,2
id_RTA6NEM,2022-09-02,NOT_ACT,1
id_RTA6NEM,2022-09-02,ACT,17
id_RTA6NEM,2022-09-02,ACT,47
id_RTA6NEM,2022-09-02,ACT,4
id_RTA6NEM,2022-09-02,NOT_ACT,8
id_RTA6NEM,2022-09-02,ACT,15
id_RTA6NEM,2022-09-02,ACT,12
id_RTA6NEM,2022-09-02,ACT,138
id_RTA6NEM,2022-09-02,NOT_ACT,184
id_RTA6NEM,2022-09-02,ACT,185
id_RTA6NEM,2022-09-02,ACT,29
id_RTA6NEM,2022-09-02,ACT,47
id_RTA6NEM,2022-09-02,NOT_ACT,3
id_RTA6NEM,2022-09-02,NOT_ACT,2
id_RTA6NEM,2022-09-02,NOT_ACT,1
id_RTA6NEM,2022-09-02,NOT_ACT,3
id_RTA6NEM,2022-09-02,ACT,159
id_RTA6NEM,2022-09-02,NOT_ACT,5
id_RTA6NEM,2022-09-02,NOT_ACT,16
id_RTA6NEM,2022-09-02,NOT_ACT,32
id_RTA6NEM,2022-09-02,NOT_ACT,3
id_RTA6NEM,2022-09-02,NOT_ACT,6
id_RTA6NEM,2022-09-02,NOT_ACT,4
id_RTA6NEM,2022-09-02,ACT,23
id_RTA6NEM,2022-09-02,ACT,37
id_RTA6NEM,2022-09-02,ACT,56
id_RTA6NEM,2022-09-02,NOT_ACT,126
id_RTA6NEM,2022-09-02,NOT_ACT,1
id_RTA6NEM,2022-09-02,ACT,23
id_RTA6NEM,2022-09-02,ACT,17
id_RTA6NEM,2022-09-02,ACT,8
id_RTA6NEM,2022-09-02,ACT,9
id_RTA6NEM,2022-09-02,ACT,58
id_RTA6NEM,2022-09-02,NOT_ACT,30
id_RTA6NEM,2022-09-02,NOT_ACT,2
id_RTA6NEM,2022-09-02,ACT,11
id_RTA6NEM,2022-09-02,ACT,22
id_RTA6NEM,2022-09-02,ACT,30
id_RTA6NEM,2022-09-02,ACT,94
id_RTA6NEM,2022-09-02,NOT_ACT,5
id_RTA6NEM,2022-09-02,NOT_ACT,1
id_RTA6NEM,2022-09-02,NOT_ACT,4
id_RTA6NEM,2022-09-02,NOT_ACT,1
id_RTA6NEM,2022-09-02,ACT,16
id_RTA6NEM,2022-09-02,NOT_ACT,2
id_RTA6NEM,2022-09-02,NOT_ACT,1
id_RTA6NEM,2022-09-02,NOT_ACT,3
id_RTA6NEM,2022-09-02,NOT_ACT,8
id_RTA6NEM,2022-09-02,NOT_ACT,9
id_RTA6NEM,2022-09-02,NOT_ACT,3
id_RTA6NEM,2022-09-02,NOT_ACT,12
id_RTA6NEM,2022-09-02,NOT_ACT,1
id_RTA6NEM,2022-09-02,ACT,14
id_RTA6NEM,2022-09-03,NOT_ACT,8
id_RTA6NEM,2022-09-03,NOT_ACT,9
id_RTA6NEM,2022-09-03,NOT_ACT,30
id_RTA6NEM,2022-09-03,NOT_ACT,1
id_RTA6NEM,2022-09-03,NOT_ACT,9
id_RTA6NEM,2022-09-03,NOT_ACT,1
id_RTA6NEM,2022-09-03,NOT_ACT,3
id_RTA6NEM,2022-09-03,NOT_ACT,5
id_RTA6NEM,2022-09-03,NOT_ACT,1
id_RTA6NEM,2022-09-03,NOT_ACT,1
id_RTA6NEM,2022-09-03,ACT,8
id_RTA6NEM,2022-09-03,NOT_ACT,4
id_RTA6NEM,2022-09-03,NOT_ACT,1
id_RTA6NEM,2022-09-03,ACT,8
id_RTA6NEM,2022-09-03,ACT,10
id_RTA6NEM,2022-09-03,NOT_ACT,2
id_RTA6NEM,2022-09-03,NOT_ACT,9
id_RTA6NEM,2022-09-03,ACT,18
id_RTA6NEM,2022-09-03,NOT_ACT,2
id_RTA6NEM,2022-09-03,NOT_ACT,3
id_RTA6NEM,2022-09-03,ACT,14
id_RTA6NEM,2022-09-03,ACT,44
id_RTA6NEM,2022-09-03,ACT,18
id_RTA6NEM,2022-09-03,NOT_ACT,2
id_RTA6NEM,2022-09-03,ACT,14
id_RTA6NEM,2022-09-03,ACT,11
id_RTA6NEM,2022-09-03,NOT_ACT,37
id_RTA6NEM,2022-09-03,ACT,7
id_RTA6NEM,2022-09-03,ACT,16
id_RTA6NEM,2022-09-03,ACT,55
id_RTA6NEM,2022-09-03,ACT,171
id_RTA6NEM,2022-09-03,NOT_ACT,50
id_RTA6NEM,2022-09-03,NOT_ACT,84
id_RTA6NEM,2022-09-03,ACT,21
id_RTA6NEM,2022-09-03,ACT,61
id_RTA6NEM,2022-09-03,ACT,14
id_RTA6NEM,2022-09-03,ACT,80
id_RTA6NEM,2022-09-03,ACT,18
id_RTA6NEM,2022-09-03,NOT_ACT,3
id_RTA6NEM,2022-09-03,ACT,42
id_RTA6NEM,2022-09-03,ACT,3
id_RTA6NEM,2022-09-03,ACT,15
id_RTA6NEM,2022-09-03,ACT,6
id_RTA6NEM,2022-09-03,NOT_ACT,1
id_RTA6NEM,2022-09-03,ACT,25
id_RTA6NEM,2022-09-03,NOT_ACT,2
id_RTA6NEM,2022-09-03,NOT_ACT,2
id_RTA6NEM,2022-09-03,ACT,5
id_RTA6NEM,2022-09-03,NOT_ACT,2
id_RTA6NEM,2022-09-03,NOT_ACT,14
id_RTA6NEM,2022-09-03,ACT,141
id_RTA6NEM,2022-09-03,ACT,145
id_RTA6NEM,2022-09-03,NOT_ACT,8
id_RTA6NEM,2022-09-03,ACT,39
id_RTA6NEM,2022-09-03,ACT,8
id_RTA6NEM,2022-09-03,NOT_ACT,3
id_RTA6NEM,2022-09-03,ACT,11
id_RTA6NEM,2022-09-03,ACT,89
id_RTA6NEM,2022-09-03,ACT,64
id_RTA6NEM,2022-09-03,NOT_ACT,1
id_RTA6NEM,2022-09-03,NOT_ACT,2
id_RTA6NEM,2022-09-03,ACT,7
id_RTA6NEM,2022-09-03,ACT,2
id_RTA6NEM,2022-09-03,ACT,6
id_RTA6NEM,2022-09-03,NOT_ACT,50
id_RTA6NEM,2022-09-03,NOT_ACT,3
id_RTA6NEM,2022-09-03,ACT,8
id_RTA6NEM,2022-09-03,NOT_ACT,4
id_RTA6NEM,2022-09-03,ACT,7
id_RTA6NEM,2022-09-03,ACT,152
id_RTA6NEM,2022-09-03,NOT_ACT,50
id_RTA6NEM,2022-09-03,ACT,41
id_RTA6NEM,2022-09-03,ACT,51
id_RTA6NEM,2022-09-03,NOT_ACT,23
id_RTA6NEM,2022-09-03,NOT_ACT,8
id_RTA6NEM,2022-09-03,ACT,6
id_RTA6NEM,2022-09-03,NOT_ACT,9
id_RTA6NEM,2022-09-03,NOT_ACT,6
id_RTA6NEM,2022-09-03,ACT,86
id_RTA6NEM,2022-09-03,ACT,24
id_RTA6NEM,2022-09-03,ACT,11
id_RTA6NEM,2022-09-03,ACT,117
id_RTA6NEM,2022-09-03,NOT_ACT,1
id_RTA6NEM,2022-09-03,NOT_ACT,3
id_RTA6NEM,2022-09-03,NOT_ACT,7
id_RTA6NEM,2022-09-03,NOT_ACT,4
id_RTA6NEM,2022-09-03,ACT,12
id_RTA6NEM,2022-09-03,NOT_ACT,5
id_RTA6NEM,2022-09-03,NOT_ACT,6
id_RTA6NEM,2022-09-03,ACT,15
id_RTA6NEM,2022-09-04,NOT_ACT,3
id_RTA6NEM,2022-09-04,NOT_ACT,1
id_RTA6NEM,2022-09-04,ACT,5
id_RTA6NEM,2022-09-04,NOT_ACT,7
id_RTA6NEM,2022-09-04,ACT,2
id_RTA6NEM,2022-09-04,NOT_ACT,3
id_RTA6NEM,2022-09-04,NOT_ACT,1
id_RTA6NEM,2022-09-04,NOT_ACT,1
id_RTA6NEM,2022-09-04,ACT,8
id_RTA6NEM,2022-09-04,ACT,9
id_RTA6NEM,2022-09-04,NOT_ACT,16
id_RTA6NEM,2022-09-04,ACT,33
id_RTA6NEM,2022-09-04,NOT_ACT,1
id_RTA6NEM,2022-09-04,ACT,38
id_RTA6NEM,2022-09-04,ACT,5
id_RTA6NEM,2022-09-04,ACT,14
id_RTA6NEM,2022-09-04,ACT,14
id_RTA6NEM,2022-09-04,ACT,27
id_RTA6NEM,2022-09-04,ACT,9
id_RTA6NEM,2022-09-04,ACT,58
id_RTA6NEM,2022-09-04,ACT,96
id_RTA6NEM,2022-09-04,ACT,50
id_RTA6NEM,2022-09-04,ACT,80
id_RTA6NEM,2022-09-04,NOT_ACT,2
id_RTA6NEM,2022-09-04,NOT_ACT,29
id_RTA6NEM,2022-09-04,ACT,72
id_RTA6NEM,2022-09-04,ACT,20
id_RTA6NEM,2022-09-04,NOT_ACT,52
id_RTA6NEM,2022-09-04,ACT,7
id_RTA6NEM,2022-09-04,ACT,31
id_RTA6NEM,2022-09-04,ACT,38
id_RTA6NEM,2022-09-04,ACT,6
id_RTA6NEM,2022-09-04,NOT_ACT,4
id_RTA6NEM,2022-09-04,NOT_ACT,3
id_RTA6NEM,2022-09-04,ACT,18
id_RTA6NEM,2022-09-04,ACT,45
id_RTA6NEM,2022-09-04,NOT_ACT,1
id_RTA6NEM,2022-09-04,ACT,9
id_RTA6NEM,2022-09-04,ACT,68
id_RTA6NEM,2022-09-04,ACT,35
id_RTA6NEM,2022-09-04,ACT,58
id_RTA6NEM,2022-09-04,ACT,7
id_RTA6NEM,2022-09-04,ACT,53
id_RTA6NEM,2022-09-04,ACT,12
id_RTA6NEM,2022-09-04,NOT_ACT,17
id_RTA6NEM,2022-09-04,ACT,21
id_RTA6NEM,2022-09-04,ACT,26
id_RTA6NEM,2022-09-04,ACT,13
id_RTA6NEM,2022-09-04,ACT,12
id_RTA6NEM,2022-09-04,ACT,137
id_RTA6NEM,2022-09-04,ACT,34
id_RTA6NEM,2022-09-04,NOT_ACT,26
id_RTA6NEM,2022-09-04,NOT_ACT,25
id_RTA6NEM,2022-09-04,NOT_ACT,13
id_RTA6NEM,2022-09-04,NOT_ACT,7
id_RTA6NEM,2022-09-04,ACT,4
id_RTA6NEM,2022-09-04,ACT,13
id_RTA6NEM,2022-09-04,ACT,86
id_RTA6NEM,2022-09-04,ACT,82
id_RTA6NEM,2022-09-04,ACT,187
id_RTA6NEM,2022-09-04,NOT_ACT,1
id_RTA6NEM,2022-09-04,NOT_ACT,1
id_RTA6NEM,2022-09-04,NOT_ACT,1
id_RTA6NEM,2022-09-04,ACT,15
id_RTA6NEM,2022-09-04,ACT,4
id_RTA6NEM,2022-09-04,ACT,2
id_RTA6NEM,2022-09-04,NOT_ACT,4
id_RTA6NEM,2022-09-04,ACT,10
id_RTA6NEM,2022-09-04,ACT,7
id_RTA6NEM,2022-09-04,ACT,10
id_RTA6NEM,2022-09-04,NOT_ACT,1
id_RTA6NEM,2022-09-04,NOT_ACT,1
id_RTA6NEM,2022-09-04,NOT_ACT,1
id_RTA6NEM,2022-09-04,NOT_ACT,1
id_RTA6NEM,2022-09-04,NOT_ACT,6
id_RTA6NEM,2022-09-04,ACT,4
id_RTA6NEM,2022-09-04,ACT,159
id_RTA6NEM,2022-09-04,NOT_ACT,1
id_RTA6NEM,2022-09-04,NOT_ACT,7
id_RTA6NEM,2022-09-04,ACT,82
id_RTA6NEM,2022-09-04,ACT,116
id_RTA6NEM,2022-09-05,NOT_ACT,1
id_RTA6NEM,2022-09-05,NOT_ACT,1
id_RTA6NEM,2022-09-05,NOT_ACT,1
id_RTA6NEM,2022-09-05,NOT_ACT,5
id_RTA6NEM,2022-09-05,NOT_ACT,56
id_RTA6NEM,2022-09-05,NOT_ACT,18
id_RTA6NEM,2022-09-05,NOT_ACT,1
id_RTA6NEM,2022-09-05,ACT,7
id_RTA6NEM,2022-09-05,NOT_ACT,1
id_RTA6NEM,2022-09-05,NOT_ACT,1
id_RTA6NEM,2022-09-05,ACT,9
id_RTA6NEM,2022-09-05,NOT_ACT,1
id_RTA6NEM,2022-09-05,NOT_ACT,1
id_RTA6NEM,2022-09-05,NOT_ACT,17
id_RTA6NEM,2022-09-05,ACT,3
id_RTA6NEM,2022-09-05,NOT_ACT,1
id_RTA6NEM,2022-09-05,ACT,23
id_RTA6NEM,2022-09-05,NOT_ACT,1
id_RTA6NEM,2022-09-05,NOT_ACT,8
id_RTA6NEM,2022-09-05,ACT,17
id_RTA6NEM,2022-09-05,ACT,12
id_RTA6NEM,2022-09-05,ACT,4
id_RTA6NEM,2022-09-05,ACT,5
id_RTA6NEM,2022-09-05,ACT,4
id_RTA6NEM,2022-09-05,ACT,17
id_RTA6NEM,2022-09-05,ACT,20
id_RTA6NEM,2022-09-05,ACT,14
id_RTA6NEM,2022-09-05,ACT,13
id_RTA6NEM,2022-09-05,NOT_ACT,1
id_RTA6NEM,2022-09-05,ACT,4
id_RTA6NEM,2022-09-05,NOT_ACT,11
id_RTA6NEM,2022-09-05,ACT,3
id_RTA6NEM,2022-09-05,NOT_ACT,1
id_RTA6NEM,2022-09-05,ACT,13
id_RTA6NEM,2022-09-05,ACT,16
id_RTA6NEM,2022-09-05,NOT_ACT,2
id_RTA6NEM,2022-09-05,ACT,3
id_RTA6NEM,2022-09-05,ACT,14
id_RTA6NEM,2022-09-05,ACT,12
id_RTA6NEM,2022-09-05,ACT,4
id_RTA6NEM,2022-09-05,ACT,42
id_RTA6NEM,2022-09-05,NOT_ACT,4
id_RTA6NEM,2022-09-05,NOT_ACT,4
id_RTA6NEM,2022-09-05,NOT_ACT,1
id_RTA6NEM,2022-09-05,NOT_ACT,1
id_RTA6NEM,2022-09-05,ACT,5
id_RTA6NEM,2022-09-05,ACT,5
id_RTA6NEM,2022-09-05,NOT_ACT,2
id_RTA6NEM,2022-09-05,ACT,23
id_RTA6NEM,2022-09-05,ACT,10
id_RTA6NEM,2022-09-06,ACT,11
id_RTA6NEM,2022-09-06,NOT_ACT,2
id_RTA6NEM,2022-09-06,ACT,13
id_RTA6NEM,2022-09-06,ACT,18
id_RTA6NEM,2022-09-06,ACT,13
id_RTA6NEM,2022-09-06,ACT,9
id_RTA6NEM,2022-09-06,ACT,8
id_RTA6NEM,2022-09-06,ACT,2
id_RTA6NEM,2022-09-06,NOT_ACT,13
id_RTA6NEM,2022-09-06,NOT_ACT,30
id_RTA6NEM,2022-09-06,NOT_ACT,5
id_RTA6NEM,2022-09-06,ACT,10
id_RTA6NEM,2022-09-06,NOT_ACT,1
id_RTA6NEM,2022-09-06,NOT_ACT,5
id_RTA6NEM,2022-09-06,ACT,4
id_RTA6NEM,2022-09-06,ACT,6
id_RTA6NEM,2022-09-06,NOT_ACT,11
id_RTA6NEM,2022-09-06,ACT,6
id_RTA6NEM,2022-09-06,NOT_ACT,2
id_RTA6NEM,2022-09-06,ACT,4
id_RTA6NEM,2022-09-06,ACT,18
id_RTA6NEM,2022-09-06,ACT,28
id_RTA6NEM,2022-09-06,ACT,5
id_RTA6NEM,2022-09-06,ACT,11
id_RTA6NEM,2022-09-06,ACT,13
id_RTA6NEM,2022-09-06,ACT,87
id_RTA6NEM,2022-09-06,NOT_ACT,196
id_RTA6NEM,2022-09-06,NOT_ACT,135
id_RTA6NEM,2022-09-06,ACT,66
id_RTA6NEM,2022-09-06,NOT_ACT,3
id_RTA6NEM,2022-09-06,NOT_ACT,4
id_RTA6NEM,2022-09-06,NOT_ACT,2
id_RTA6NEM,2022-09-06,ACT,29
id_RTA6NEM,2022-09-06,NOT_ACT,4
id_RTA6NEM,2022-09-06,ACT,4
id_RTA6NEM,2022-09-06,NOT_ACT,1
id_RTA6NEM,2022-09-06,ACT,30
id_RTA6NEM,2022-09-06,ACT,34
id_RTA6NEM,2022-09-06,NOT_ACT,8
id_RTA6NEM,2022-09-06,ACT,32
id_RTA6NEM,2022-09-06,ACT,159
id_RTA6NEM,2022-09-06,NOT_ACT,1
id_RTA6NEM,2022-09-06,ACT,44
id_RTA6NEM,2022-09-06,ACT,14
id_RTA6NEM,2022-09-06,ACT,9
id_RTA6NEM,2022-09-06,NOT_ACT,7
id_RTA6NEM,2022-09-06,NOT_ACT,4
id_RTA6NEM,2022-09-07,ACT,20
id_RTA6NEM,2022-09-07,ACT,26
id_RTA6NEM,2022-09-07,NOT_ACT,1
id_RTA6NEM,2022-09-07,NOT_ACT,1
id_RTA6NEM,2022-09-07,NOT_ACT,10
id_RTA6NEM,2022-09-07,NOT_ACT,89
id_RTA6NEM,2022-09-07,NOT_ACT,10
id_RTA6NEM,2022-09-07,NOT_ACT,6
id_RTA6NEM,2022-09-07,NOT_ACT,9
id_RTA6NEM,2022-09-07,NOT_ACT,41
id_RTA6NEM,2022-09-07,ACT,22
id_RTA6NEM,2022-09-07,ACT,20
id_RTA6NEM,2022-09-07,NOT_ACT,13
id_RTA6NEM,2022-09-07,NOT_ACT,4
id_RTA6NEM,2022-09-07,NOT_ACT,6
id_RTA6NEM,2022-09-07,NOT_ACT,10
id_RTA6NEM,2022-09-07,ACT,64
id_RTA6NEM,2022-09-07,ACT,21
id_RTA6NEM,2022-09-07,NOT_ACT,1
id_RTA6NEM,2022-09-07,NOT_ACT,11
id_RTA6NEM,2022-09-07,ACT,19
id_RTA6NEM,2022-09-07,NOT_ACT,10
id_RTA6NEM,2022-09-07,ACT,14
id_RTA6NEM,2022-09-07,NOT_ACT,1
id_RTA6NEM,2022-09-07,ACT,30
id_RTA6NEM,2022-09-07,ACT,41
id_RTA6NEM,2022-09-07,ACT,47
id_RTA6NEM,2022-09-07,ACT,28
id_RTA6NEM,2022-09-07,ACT,30
id_RTA6NEM,2022-09-07,NOT_ACT,3
id_RTA6NEM,2022-09-07,ACT,33
id_RTA6NEM,2022-09-07,ACT,7
id_RTA6NEM,2022-09-07,ACT,21
id_RTA6NEM,2022-09-07,ACT,28
id_RTA6NEM,2022-09-07,NOT_ACT,14
id_RTA6NEM,2022-09-07,ACT,29
id_RTA6NEM,2022-09-07,ACT,4
id_RTA6NEM,2022-09-07,ACT,3
id_RTA6NEM,2022-09-07,ACT,275
id_RTA6NEM,2022-09-07,ACT,249
id_RTA6NEM,2022-09-07,ACT,189
id_RTA6NEM,2022-09-07,ACT,92
id_RTA6NEM,2022-09-07,ACT,103
id_RTA6NEM,2022-09-07,ACT,54
id_RTA6NEM,2022-09-07,ACT,13
id_RTA6NEM,2022-09-07,ACT,36
id_RTA6NEM,2022-09-07,NOT_ACT,38
id_RTA6NEM,2022-09-07,ACT,8
id_RTA6NEM,2022-09-07,ACT,8
id_RTA6NEM,2022-09-07,NOT_ACT,2
id_RTA6NEM,2022-09-07,ACT,5
id_RTA6NEM,2022-09-07,NOT_ACT,2
id_RTA6NEM,2022-09-07,NOT_ACT,1
id_RTA6NEM,2022-09-07,NOT_ACT,5
id_RTA6NEM,2022-09-07,ACT,21
id_RTA6NEM,2022-09-07,ACT,7
id_RTA6NEM,2022-09-07,ACT,35
id_RTA6NEM,2022-09-08,ACT,10
id_RTA6NEM,2022-09-08,NOT_ACT,8
id_RTA6NEM,2022-09-08,ACT,14
id_RTA6NEM,2022-09-08,NOT_ACT,113
id_RTA6NEM,2022-09-08,NOT_ACT,95
id_RTA6NEM,2022-09-08,NOT_ACT,24
id_RTA6NEM,2022-09-08,NOT_ACT,10
id_RTA6NEM,2022-09-08,NOT_ACT,18
id_RTA6NEM,2022-09-08,NOT_ACT,4
id_RTA6NEM,2022-09-08,NOT_ACT,1
id_RTA6NEM,2022-09-08,NOT_ACT,2
id_RTA6NEM,2022-09-08,NOT_ACT,6
id_RTA6NEM,2022-09-08,NOT_ACT,1
id_RTA6NEM,2022-09-08,NOT_ACT,2
id_RTA6NEM,2022-09-08,ACT,18
id_RTA6NEM,2022-09-08,ACT,26
id_RTA6NEM,2022-09-08,ACT,27
id_RTA6NEM,2022-09-08,NOT_ACT,1
id_RTA6NEM,2022-09-08,NOT_ACT,3
id_RTA6NEM,2022-09-08,ACT,43
id_RTA6NEM,2022-09-08,ACT,70
id_RTA6NEM,2022-09-08,NOT_ACT,3
id_RTA6NEM,2022-09-08,NOT_ACT,5
id_RTA6NEM,2022-09-08,NOT_ACT,1
id_RTA6NEM,2022-09-08,NOT_ACT,1
id_RTA6NEM,2022-09-08,NOT_ACT,8
id_RTA6NEM,2022-09-08,ACT,49
id_RTA6NEM,2022-09-08,ACT,68
id_RTA6NEM,2022-09-08,ACT,14
id_RTA6NEM,2022-09-08,NOT_ACT,6
id_RTA6NEM,2022-09-08,ACT,33
id_RTA6NEM,2022-09-08,NOT_ACT,1
id_RTA6NEM,2022-09-08,NOT_ACT,4
id_RTA6NEM,2022-09-08,NOT_ACT,4
id_RTA6NEM,2022-09-08,NOT_ACT,6
id_RTA6NEM,2022-09-08,ACT,4
id_RTA6NEM,2022-09-08,NOT_ACT,3
id_RTA6NEM,2022-09-08,NOT_ACT,1
id_RTA6NEM,2022-09-08,ACT,45
id_RTA6NEM,2022-09-08,ACT,86
id_RTA6NEM,2022-09-08,NOT_ACT,9
id_RTA6NEM,2022-09-08,ACT,12
id_RTA6NEM,2022-09-08,ACT,54
id_RTA6NEM,2022-09-08,ACT,24
id_RTA6NEM,2022-09-08,ACT,85
id_RTA6NEM,2022-09-08,ACT,37
id_RTA6NEM,2022-09-08,ACT,22
id_RTA6NEM,2022-09-08,NOT_ACT,24
id_RTA6NEM,2022-09-08,NOT_ACT,3
id_RTA6NEM,2022-09-08,NOT_ACT,10
id_RTA6NEM,2022-09-08,NOT_ACT,3
id_RTA6NEM,2022-09-08,ACT,58
id_RTA6NEM,2022-09-08,ACT,110
id_RTA6NEM,2022-09-08,ACT,65
id_RTA6NEM,2022-09-08,NOT_ACT,12
id_RTA6NEM,2022-09-08,NOT_ACT,8
id_RTA6NEM,2022-09-08,NOT_ACT,2
id_RTA6NEM,2022-09-08,ACT,29
id_RTA6NEM,2022-09-08,ACT,3
id_RTA6NEM,2022-09-08,ACT,42
id_RTA6NEM,2022-09-08,NOT_ACT,1
id_RTA6NEM,2022-09-08,ACT,37
id_RTA6NEM,2022-09-08,ACT,47
id_RTA6NEM,2022-09-08,NOT_ACT,5
id_RTA6NEM,2022-09-08,NOT_ACT,5
id_RTA6NEM,2022-09-08,ACT,32
id_RTA6NEM,2022-09-08,NOT_ACT,12
id_RTA6NEM,2022-09-08,ACT,18
id_RTA6NEM,2022-09-08,NOT_ACT,8
id_RTA6NEM,2022-09-08,ACT,47
id_RTA6NEM,2022-09-08,ACT,23
id_RTA6NEM,2022-09-08,ACT,7
id_RTA6NEM,2022-09-08,ACT,23
id_RTA6NEM,2022-09-08,ACT,16
id_RTA6NEM,2022-09-08,NOT_ACT,1
id_RTA6NEM,2022-09-08,ACT,9
id_RTA6NEM,2022-09-08,NOT_ACT,5
id_RTA6NEM,2022-09-08,NOT_ACT,1
id_RTA6NEM,2022-09-08,NOT_ACT,9
id_RTA6NEM,2022-09-08,ACT,22
id_RTA6NEM,2022-09-08,NOT_ACT,10
id_RTA6NEM,2022-09-08,NOT_ACT,36
id_RTA6NEM,2022-09-08,NOT_ACT,5
id_RTA6NEM,2022-09-08,ACT,11
id_RTA6NEM,2022-09-08,NOT_ACT,9
id_RTA6NEM,2022-09-08,ACT,5
id_RTA6NEM,2022-09-09,ACT,17
id_RTA6NEM,2022-09-09,NOT_ACT,3
id_RTA6NEM,2022-09-09,ACT,24
id_RTA6NEM,2022-09-09,NOT_ACT,33
id_RTA6NEM,2022-09-09,NOT_ACT,6
id_RTA6NEM,2022-09-09,ACT,9
id_RTA6NEM,2022-09-09,ACT,12
id_RTA6NEM,2022-09-09,NOT_ACT,2
id_RTA6NEM,2022-09-09,NOT_ACT,11
id_RTA6NEM,2022-09-09,ACT,22
id_RTA6NEM,2022-09-09,ACT,10
id_RTA6NEM,2022-09-09,ACT,3
id_RTA6NEM,2022-09-09,NOT_ACT,3
id_RTA6NEM,2022-09-09,ACT,6
id_RTA6NEM,2022-09-09,ACT,7
id_RTA6NEM,2022-09-09,ACT,47
id_RTA6NEM,2022-09-09,ACT,63
id_RTA6NEM,2022-09-09,ACT,9
id_RTA6NEM,2022-09-09,NOT_ACT,2
id_RTA6NEM,2022-09-09,NOT_ACT,5
id_RTA6NEM,2022-09-09,ACT,16
id_RTA6NEM,2022-09-09,NOT_ACT,21
id_RTA6NEM,2022-09-09,ACT,34
id_RTA6NEM,2022-09-09,NOT_ACT,2
id_RTA6NEM,2022-09-09,ACT,2
id_RTA6NEM,2022-09-09,ACT,20
id_RTA6NEM,2022-09-09,ACT,25
id_RTA6NEM,2022-09-09,NOT_ACT,24
id_RTA6NEM,2022-09-09,ACT,9
id_RTA6NEM,2022-09-09,NOT_ACT,1
id_RTA6NEM,2022-09-09,NOT_ACT,17
id_RTA6NEM,2022-09-09,ACT,24
id_RTA6NEM,2022-09-09,NOT_ACT,29
id_RTA6NEM,2022-09-09,NOT_ACT,36
id_RTA6NEM,2022-09-09,NOT_ACT,9
id_RTA6NEM,2022-09-09,ACT,54
id_RTA6NEM,2022-09-09,ACT,50
id_RTA6NEM,2022-09-09,ACT,12
id_RTA6NEM,2022-09-09,ACT,50
id_RTA6NEM,2022-09-09,NOT_ACT,35
id_RTA6NEM,2022-09-09,ACT,17
id_RTA6NEM,2022-09-09,ACT,60
id_RTA6NEM,2022-09-09,ACT,8
id_RTA6NEM,2022-09-09,NOT_ACT,15
id_RTA6NEM,2022-09-09,ACT,41
id_RTA6NEM,2022-09-09,ACT,10
id_RTA6NEM,2022-09-09,NOT_ACT,3
id_RTA6NEM,2022-09-09,ACT,100
id_RTA6NEM,2022-09-09,NOT_ACT,14
id_RTA6NEM,2022-09-09,NOT_ACT,12
id_RTA6NEM,2022-09-09,ACT,41
id_RTA6NEM,2022-09-09,NOT_ACT,29
id_RTA6NEM,2022-09-09,NOT_ACT,48
id_RTA6NEM,2022-09-09,NOT_ACT,43
id_RTA6NEM,2022-09-09,NOT_ACT,44
id_RTA6NEM,2022-09-09,NOT_ACT,36
id_RTA6NEM,2022-09-09,NOT_ACT,21
id_RTA6NEM,2022-09-09,NOT_ACT,33
id_RTA6NEM,2022-09-09,NOT_ACT,53
id_RTA6NEM,2022-09-09,NOT_ACT,24
id_RTA6NEM,2022-09-09,NOT_ACT,12
id_RTA6NEM,2022-09-09,NOT_ACT,1
id_RTA6NEM,2022-09-09,NOT_ACT,5
id_RTA6NEM,2022-09-09,ABSENCE,3
id_RTA6NEM,2022-09-09,ACT,11
id_RTA6NEM,2022-09-09,ACT,7
id_RTA6NEM,2022-09-09,ACT,47
id_RTA6NEM,2022-09-09,ACT,24
id_RTA6NEM,2022-09-09,ACT,59
id_RTA6NEM,2022-09-09,NOT_ACT,10
id_RTA6NEM,2022-09-09,NOT_ACT,5
id_RTA6NEM,2022-09-09,NOT_ACT,2
id_RTA6NEM,2022-09-09,NOT_ACT,2
id_RTA6NEM,2022-09-09,NOT_ACT,54
id_RTA6NEM,2022-09-09,ACT,66
id_RTA6NEM,2022-09-09,ACT,91
id_RTA6NEM,2022-09-09,NOT_ACT,19
id_RTA6NEM,2022-09-09,NOT_ACT,22
id_RTA6NEM,2022-09-09,NOT_ACT,2
id_RTA6NEM,2022-09-09,ACT,29
id_RTA6NEM,2022-09-09,ACT,10
id_RTA6NEM,2022-09-09,NOT_ACT,1
id_RTA6NEM,2022-09-09,ACT,8
id_RTA6NEM,2022-09-09,ACT,19
id_RTA6NEM,2022-09-09,ACT,12
id_RTA6NEM,2022-09-09,NOT_ACT,1
id_RTA6NEM,2022-09-09,NOT_ACT,10
id_RTA6NEM,2022-09-09,ACT,7
id_RTA6NEM,2022-09-09,NOT_ACT,1
id_RTA6NEM,2022-09-09,ACT,5
id_RTA6NEM,2022-09-09,NOT_ACT,11
id_RTA6NEM,2022-09-09,ACT,6
id_RTA6NEM,2022-09-09,NOT_ACT,5
id_RTA6NEM,2022-09-09,ACT,10
id_RTA6NEM,2022-09-09,ACT,4
id_RTA6NEM,2022-09-09,NOT_ACT,5
id_RTA6NEM,2022-09-10,NOT_ACT,34
id_RTA6NEM,2022-09-10,NOT_ACT,38
id_RTA6NEM,2022-09-10,NOT_ACT,8
id_RTA6NEM,2022-09-10,NOT_ACT,13
id_RTA6NEM,2022-09-10,NOT_ACT,15
id_RTA6NEM,2022-09-10,NOT_ACT,25
id_RTA6NEM,2022-09-10,ACT,22
id_RTA6NEM,2022-09-10,ACT,16
id_RTA6NEM,2022-09-10,ACT,31
id_RTA6NEM,2022-09-10,NOT_ACT,22
id_RTA6NEM,2022-09-10,ACT,115
id_RTA6NEM,2022-09-10,NOT_ACT,39
id_RTA6NEM,2022-09-10,ACT,7
id_RTA6NEM,2022-09-10,NOT_ACT,12
id_RTA6NEM,2022-09-10,ACT,57
id_RTA6NEM,2022-09-10,NOT_ACT,5
id_RTA6NEM,2022-09-10,NOT_ACT,11
id_RTA6NEM,2022-09-10,ACT,12
id_RTA6NEM,2022-09-10,ACT,83
id_RTA6NEM,2022-09-10,ACT,70
id_RTA6NEM,2022-09-10,ACT,22
id_RTA6NEM,2022-09-10,ACT,21
id_RTA6NEM,2022-09-10,ACT,2
id_RTA6NEM,2022-09-10,ACT,2
id_RTA6NEM,2022-09-10,ACT,13
id_RTA6NEM,2022-09-10,ACT,88
id_RTA6NEM,2022-09-10,NOT_ACT,4
id_RTA6NEM,2022-09-10,ACT,66
id_RTA6NEM,2022-09-10,NOT_ACT,8
id_RTA6NEM,2022-09-10,NOT_ACT,19
id_RTA6NEM,2022-09-10,NOT_ACT,102
id_RTA6NEM,2022-09-10,ACT,33
id_RTA6NEM,2022-09-10,ACT,140
id_RTA6NEM,2022-09-10,ACT,62
id_RTA6NEM,2022-09-10,ACT,5
id_RTA6NEM,2022-09-10,ACT,24
id_RTA6NEM,2022-09-10,ACT,4
id_RTA6NEM,2022-09-10,NOT_ACT,8
id_RTA6NEM,2022-09-10,NOT_ACT,9
id_RTA6NEM,2022-09-10,NOT_ACT,9
id_RTA6NEM,2022-09-10,NOT_ACT,27
id_RTA6NEM,2022-09-10,NOT_ACT,13
id_RTA6NEM,2022-09-10,ACT,23
id_RTA6NEM,2022-09-10,NOT_ACT,7
id_RTA6NEM,2022-09-10,NOT_ACT,2
id_RTA6NEM,2022-09-10,NOT_ACT,19
id_RTA6NEM,2022-09-10,ACT,22
id_RTA6NEM,2022-09-10,NOT_ACT,18
id_RTA6NEM,2022-09-10,NOT_ACT,25
id_RTA6NEM,2022-09-10,NOT_ACT,22
id_RTA6NEM,2022-09-10,NOT_ACT,12
id_RTA6NEM,2022-09-10,ACT,10
id_RTA6NEM,2022-09-10,ACT,6
id_RTA6NEM,2022-09-10,NOT_ACT,1
id_RTA6NEM,2022-09-10,NOT_ACT,1
id_RTA6NEM,2022-09-10,NOT_ACT,5
id_RTA6NEM,2022-09-10,ACT,21
id_RTA6NEM,2022-09-10,NOT_ACT,16
id_RTA6NEM,2022-09-10,NOT_ACT,1
id_RTA6NEM,2022-09-10,NOT_ACT,8
id_RTA6NEM,2022-09-10,ACT,27
id_RTA6NEM,2022-09-10,NOT_ACT,1
id_RTA6NEM,2022-09-10,ACT,99
id_RTA6NEM,2022-09-10,ACT,35
id_RTA6NEM,2022-09-10,ACT,36
id_RTA6NEM,2022-09-10,NOT_ACT,5
id_RTA6NEM,2022-09-10,ACT,3
id_RTA6NEM,2022-09-10,ACT,13
id_RTA6NEM,2022-09-10,ACT,86
id_RTA6NEM,2022-09-10,NOT_ACT,51
id_RTA6NEM,2022-09-10,NOT_ACT,63
id_RTA6NEM,2022-09-10,NOT_ACT,49
id_RTA6NEM,2022-09-10,NOT_ACT,57
id_RTA6NEM,2022-09-10,NOT_ACT,44
id_RTA6NEM,2022-09-10,NOT_ACT,53
id_RTA6NEM,2022-09-10,NOT_ACT,54
id_RTA6NEM,2022-09-10,NOT_ACT,43
id_RTA6NEM,2022-09-10,NOT_ACT,20
id_RTA6NEM,2022-09-10,ABSENCE,25
id_RTA6NEM,2022-09-10,NOT_ACT,12
id_RTA6NEM,2022-09-10,NOT_ACT,1
id_RTA6NEM,2022-09-10,NOT_ACT,28
id_RTA6NEM,2022-09-10,ACT,74
id_RTA6NEM,2022-09-10,NOT_ACT,53
id_RTA6NEM,2022-09-10,NOT_ACT,42
id_RTA6NEM,2022-09-10,ACT,10
id_RTA6NEM,2022-09-10,NOT_ACT,4
id_RTA6NEM,2022-09-10,NOT_ACT,4
id_RTA6NEM,2022-09-10,ACT,52
id_RTA6NEM,2022-09-10,ACT,74
id_RTA6NEM,2022-09-10,ACT,5
id_RTA6NEM,2022-09-10,ACT,10
id_RTA6NEM,2022-09-10,NOT_ACT,6
id_RTA6NEM,2022-09-10,ACT,7
id_RTA6NEM,2022-09-11,ACT,5
id_RTA6NEM,2022-09-11,ACT,5
id_RTA6NEM,2022-09-11,ACT,10
id_RTA6NEM,2022-09-11,NOT_ACT,5
id_RTA6NEM,2022-09-11,NOT_ACT,1
id_RTA6NEM,2022-09-11,ACT,45
id_RTA6NEM,2022-09-11,ACT,3
id_RTA6NEM,2022-09-11,ACT,68
id_RTA6NEM,2022-09-11,ACT,4
id_RTA6NEM,2022-09-11,ACT,4
id_RTA6NEM,2022-09-11,ACT,69
id_RTA6NEM,2022-09-11,NOT_ACT,11
id_RTA6NEM,2022-09-11,NOT_ACT,1
id_RTA6NEM,2022-09-11,ACT,3
id_RTA6NEM,2022-09-11,ACT,44
id_RTA6NEM,2022-09-11,ACT,22
id_RTA6NEM,2022-09-11,NOT_ACT,4
id_RTA6NEM,2022-09-11,NOT_ACT,3
id_RTA6NEM,2022-09-11,ACT,81
id_RTA6NEM,2022-09-11,ACT,11
id_RTA6NEM,2022-09-11,ACT,29
id_RTA6NEM,2022-09-11,NOT_ACT,1
id_RTA6NEM,2022-09-11,NOT_ACT,49
id_RTA6NEM,2022-09-11,ACT,32
id_RTA6NEM,2022-09-11,ACT,13
id_RTA6NEM,2022-09-11,ACT,12
id_RTA6NEM,2022-09-11,NOT_ACT,1
id_RTA6NEM,2022-09-11,NOT_ACT,11
id_RTA6NEM,2022-09-11,ACT,66
id_RTA6NEM,2022-09-11,NOT_ACT,2
id_RTA6NEM,2022-09-11,NOT_ACT,35
id_RTA6NEM,2022-09-11,NOT_ACT,10
id_RTA6NEM,2022-09-11,NOT_ACT,12
id_RTA6NEM,2022-09-11,NOT_ACT,8
id_RTA6NEM,2022-09-11,NOT_ACT,25
id_RTA6NEM,2022-09-11,NOT_ACT,24
id_RTA6NEM,2022-09-11,NOT_ACT,17
id_RTA6NEM,2022-09-11,NOT_ACT,30
id_RTA6NEM,2022-09-11,NOT_ACT,26
id_RTA6NEM,2022-09-11,NOT_ACT,21
id_RTA6NEM,2022-09-11,NOT_ACT,15
id_RTA6NEM,2022-09-11,NOT_ACT,12
id_RTA6NEM,2022-09-11,ACT,9
id_RTA6NEM,2022-09-11,NOT_ACT,16
id_RTA6NEM,2022-09-11,NOT_ACT,18
id_RTA6NEM,2022-09-11,ACT,6
id_RTA6NEM,2022-09-11,ACT,65
id_RTA6NEM,2022-09-11,NOT_ACT,8
id_RTA6NEM,2022-09-11,ACT,19
id_RTA6NEM,2022-09-11,ACT,18
id_RTA6NEM,2022-09-11,NOT_ACT,1
id_RTA6NEM,2022-09-11,NOT_ACT,4
id_RTA6NEM,2022-09-11,NOT_ACT,7
id_RTA6NEM,2022-09-11,ACT,63
id_RTA6NEM,2022-09-11,NOT_ACT,30
id_RTA6NEM,2022-09-11,NOT_ACT,21
id_RTA6NEM,2022-09-11,NOT_ACT,40
id_RTA6NEM,2022-09-11,ACT,40
id_RTA6NEM,2022-09-11,ACT,26
id_RTA6NEM,2022-09-11,NOT_ACT,28
id_RTA6NEM,2022-09-11,NOT_ACT,1
id_RTA6NEM,2022-09-11,NOT_ACT,11
id_RTA6NEM,2022-09-11,NOT_ACT,45
id_RTA6NEM,2022-09-11,NOT_ACT,4
id_RTA6NEM,2022-09-11,ACT,6
id_RTA6NEM,2022-09-11,NOT_ACT,7
id_RTA6NEM,2022-09-11,NOT_ACT,4
id_RTA6NEM,2022-09-11,NOT_ACT,2
id_RTA6NEM,2022-09-11,ACT,52
id_RTA6NEM,2022-09-11,NOT_ACT,7
id_RTA6NEM,2022-09-11,NOT_ACT,6
id_RTA6NEM,2022-09-11,NOT_ACT,1
id_RTA6NEM,2022-09-11,ACT,9
id_RTA6NEM,2022-09-11,NOT_ACT,32
id_RTA6NEM,2022-09-11,NOT_ACT,30
id_RTA6NEM,2022-09-11,NOT_ACT,46
id_RTA6NEM,2022-09-11,NOT_ACT,31
id_RTA6NEM,2022-09-11,NOT_ACT,10
id_RTA6NEM,2022-09-11,NOT_ACT,44
id_RTA6NEM,2022-09-11,NOT_ACT,32
id_RTA6NEM,2022-09-11,NOT_ACT,31
id_RTA6NEM,2022-09-11,NOT_ACT,52
id_RTA6NEM,2022-09-11,NOT_ACT,70
id_RTA6NEM,2022-09-11,NOT_ACT,50
id_RTA6NEM,2022-09-11,NOT_ACT,68
id_RTA6NEM,2022-09-11,NOT_ACT,64
id_RTA6NEM,2022-09-11,NOT_ACT,41
id_RTA6NEM,2022-09-11,ACT,95
id_RTA6NEM,2022-09-11,NOT_ACT,13
id_RTA6NEM,2022-09-11,ACT,63
id_RTA6NEM,2022-09-11,NOT_ACT,18
id_RTA6NEM,2022-09-11,ACT,14
id_RTA6NEM,2022-09-11,NOT_ACT,21
id_RTA6NEM,2022-09-11,NOT_ACT,21
id_RTA6NEM,2022-09-11,ACT,8
id_RTA6NEM,2022-09-11,NOT_ACT,31
id_RTA6NEM,2022-09-11,NOT_ACT,43
id_RTA6NEM,2022-09-11,ACT,39
id_RTA6NEM,2022-09-11,NOT_ACT,2
id_RTA6NEM,2022-09-11,NOT_ACT,1
id_RTA6NEM,2022-09-11,NOT_ACT,1
id_RTA6NEM,2022-09-12,ACT,13
id_RTA6NEM,2022-09-12,NOT_ACT,14
id_RTA6NEM,2022-09-12,NOT_ACT,4
id_RTA6NEM,2022-09-12,NOT_ACT,11
id_RTA6NEM,2022-09-12,NOT_ACT,47
id_RTA6NEM,2022-09-12,NOT_ACT,4
id_RTA6NEM,2022-09-12,NOT_ACT,20
id_RTA6NEM,2022-09-12,NOT_ACT,2
id_RTA6NEM,2022-09-12,ACT,11
id_RTA6NEM,2022-09-12,NOT_ACT,2
id_RTA6NEM,2022-09-12,ACT,47
id_RTA6NEM,2022-09-12,NOT_ACT,28
id_RTA6NEM,2022-09-12,ACT,5
id_RTA6NEM,2022-09-12,NOT_ACT,58
id_RTA6NEM,2022-09-12,ACT,32
id_RTA6NEM,2022-09-12,NOT_ACT,9
id_RTA6NEM,2022-09-12,ACT,12
id_RTA6NEM,2022-09-12,NOT_ACT,6
id_RTA6NEM,2022-09-12,ACT,44
id_RTA6NEM,2022-09-12,ACT,32
id_RTA6NEM,2022-09-12,ACT,68
id_RTA6NEM,2022-09-12,NOT_ACT,40
id_RTA6NEM,2022-09-12,NOT_ACT,15
id_RTA6NEM,2022-09-12,ACT,62
id_RTA6NEM,2022-09-12,ACT,7
id_RTA6NEM,2022-09-12,NOT_ACT,1
id_RTA6NEM,2022-09-12,NOT_ACT,2
id_RTA6NEM,2022-09-12,ACT,9
id_RTA6NEM,2022-09-12,ACT,19
id_RTA6NEM,2022-09-12,ACT,16
id_RTA6NEM,2022-09-12,ACT,62
id_RTA6NEM,2022-09-12,NOT_ACT,25
id_RTA6NEM,2022-09-12,ACT,20
id_RTA6NEM,2022-09-12,NOT_ACT,5
id_RTA6NEM,2022-09-12,ACT,18
id_RTA6NEM,2022-09-12,NOT_ACT,10
id_RTA6NEM,2022-09-12,NOT_ACT,4
id_RTA6NEM,2022-09-12,ACT,30
id_RTA6NEM,2022-09-12,ACT,80
id_RTA6NEM,2022-09-12,NOT_ACT,51
id_RTA6NEM,2022-09-12,NOT_ACT,67
id_RTA6NEM,2022-09-12,NOT_ACT,84
id_RTA6NEM,2022-09-12,NOT_ACT,62
id_RTA6NEM,2022-09-12,ACT,3
id_RTA6NEM,2022-09-12,NOT_ACT,9
id_RTA6NEM,2022-09-12,ACT,11
id_RTA6NEM,2022-09-12,ACT,10
id_RTA6NEM,2022-09-12,ACT,44
id_RTA6NEM,2022-09-12,ACT,6
id_RTA6NEM,2022-09-12,ACT,5
id_RTA6NEM,2022-09-12,ACT,48
id_RTA6NEM,2022-09-12,NOT_ACT,44
id_RTA6NEM,2022-09-12,NOT_ACT,4
id_RTA6NEM,2022-09-12,NOT_ACT,16
id_RTA6NEM,2022-09-12,ACT,13
id_RTA6NEM,2022-09-12,ACT,6
id_RTA6NEM,2022-09-12,ACT,16
id_RTA6NEM,2022-09-12,ACT,34
id_RTA6NEM,2022-09-12,NOT_ACT,28
id_RTA6NEM,2022-09-12,NOT_ACT,58
id_RTA6NEM,2022-09-12,NOT_ACT,34
id_RTA6NEM,2022-09-12,NOT_ACT,4
id_RTA6NEM,2022-09-12,NOT_ACT,20
id_RTA6NEM,2022-09-12,ACT,9
id_RTA6NEM,2022-09-12,NOT_ACT,8
id_RTA6NEM,2022-09-12,NOT_ACT,25
id_RTA6NEM,2022-09-12,ACT,6
id_RTA6NEM,2022-09-12,NOT_ACT,9
id_RTA6NEM,2022-09-12,NOT_ACT,26
id_RTA6NEM,2022-09-12,ACT,14
id_RTA6NEM,2022-09-12,ACT,2
id_RTA6NEM,2022-09-12,NOT_ACT,52
id_RTA6NEM,2022-09-12,NOT_ACT,22
id_RTA6NEM,2022-09-12,NOT_ACT,43
id_RTA6NEM,2022-09-12,NOT_ACT,55
id_RTA6NEM,2022-09-12,ACT,17
id_RTA6NEM,2022-09-12,ACT,21
id_RTA6NEM,2022-09-12,NOT_ACT,27
id_RTA6NEM,2022-09-12,ACT,25
id_RTA6NEM,2022-09-12,NOT_ACT,1
id_RTA6NEM,2022-09-12,NOT_ACT,12
id_RTA6NEM,2022-09-12,ACT,13
id_RTA6NEM,2022-09-12,NOT_ACT,61
id_RTA6NEM,2022-09-12,NOT_ACT,40
id_RTA6NEM,2022-09-12,NOT_ACT,42
id_RTA6NEM,2022-09-12,NOT_ACT,60
id_RTA6NEM,2022-09-12,NOT_ACT,24
id_RTA6NEM,2022-09-12,NOT_ACT,11
id_RTA6NEM,2022-09-12,ACT,53
id_RTA6NEM,2022-09-12,NOT_ACT,4
id_RTA6NEM,2022-09-12,NOT_ACT,27
id_RTA6NEM,2022-09-12,NOT_ACT,10
id_RTA6NEM,2022-09-12,ACT,44
id_RTA6NEM,2022-09-12,ACT,21
id_RTA6NEM,2022-09-12,NOT_ACT,11
id_RTA6NEM,2022-09-12,ACT,14
id_RTA6NEM,2022-09-12,ACT,54
id_RTA6NEM,2022-09-12,ACT,49
id_RTA6NEM,2022-09-12,ACT,9
id_RTA6NEM,2022-09-12,NOT_ACT,14
id_RTA6NEM,2022-09-12,ACT,32
id_RTA6NEM,2022-09-12,NOT_ACT,32
id_RTA6NEM,2022-09-12,NOT_ACT,63
id_RTA6NEM,2022-09-12,NOT_ACT,2
id_RTA6NEM,2022-09-12,ACT,12
id_RTA6NEM,2022-09-12,ACT,35
id_RTA6NEM,2022-09-12,ACT,28
id_RTA6NEM,2022-09-12,ACT,50
id_RTA6NEM,2022-09-12,ACT,14
id_RTA6NEM,2022-09-12,ACT,11
id_RTA6NEM,2022-09-12,ACT,22
id_RTA6NEM,2022-09-13,ACT,11
id_RTA6NEM,2022-09-13,ACT,4
id_RTA6NEM,2022-09-13,NOT_ACT,2
id_RTA6NEM,2022-09-13,ACT,20
id_RTA6NEM,2022-09-13,NOT_ACT,6
id_RTA6NEM,2022-09-13,NOT_ACT,9
id_RTA6NEM,2022-09-13,ACT,8
id_RTA6NEM,2022-09-13,ACT,21
id_RTA6NEM,2022-09-13,NOT_ACT,2
id_RTA6NEM,2022-09-13,NOT_ACT,2
id_RTA6NEM,2022-09-13,NOT_ACT,1
id_RTA6NEM,2022-09-13,NOT_ACT,1
id_RTA6NEM,2022-09-13,ACT,7
id_RTA6NEM,2022-09-13,NOT_ACT,6
id_RTA6NEM,2022-09-13,NOT_ACT,47
id_RTA6NEM,2022-09-13,ACT,17
id_RTA6NEM,2022-09-13,NOT_ACT,7
id_RTA6NEM,2022-09-13,NOT_ACT,9
id_RTA6NEM,2022-09-13,ABSENCE,17
id_RTA6NEM,2022-09-13,NOT_ACT,4
id_RTA6NEM,2022-09-13,ACT,10
id_RTA6NEM,2022-09-13,NOT_ACT,9
id_RTA6NEM,2022-09-13,NOT_ACT,11
id_RTA6NEM,2022-09-13,NOT_ACT,16
id_RTA6NEM,2022-09-13,NOT_ACT,2
id_RTA6NEM,2022-09-13,ACT,112
id_RTA6NEM,2022-09-13,NOT_ACT,90
id_RTA6NEM,2022-09-13,ACT,82
id_RTA6NEM,2022-09-13,NOT_ACT,3
id_RTA6NEM,2022-09-13,ACT,38
id_RTA6NEM,2022-09-13,ACT,14
id_RTA6NEM,2022-09-13,ACT,28
id_RTA6NEM,2022-09-13,NOT_ACT,8
id_RTA6NEM,2022-09-13,ACT,3
id_RTA6NEM,2022-09-13,ACT,137
id_RTA6NEM,2022-09-13,ACT,44
id_RTA6NEM,2022-09-13,ACT,4
id_RTA6NEM,2022-09-13,ACT,66
id_RTA6NEM,2022-09-13,ACT,162
id_RTA6NEM,2022-09-13,ACT,23
id_RTA6NEM,2022-09-13,ACT,54
id_RTA6NEM,2022-09-13,NOT_ACT,83
id_RTA6NEM,2022-09-13,ACT,54
id_RTA6NEM,2022-09-13,ACT,23
id_RTA6NEM,2022-09-13,ACT,102
id_RTA6NEM,2022-09-13,NOT_ACT,11
id_RTA6NEM,2022-09-13,NOT_ACT,30
id_RTA6NEM,2022-09-13,NOT_ACT,10
id_RTA6NEM,2022-09-13,ACT,14
id_RTA6NEM,2022-09-13,ACT,22
id_RTA6NEM,2022-09-13,NOT_ACT,10
id_RTA6NEM,2022-09-13,NOT_ACT,17
id_RTA6NEM,2022-09-13,ACT,37
id_RTA6NEM,2022-09-13,NOT_ACT,10
id_RTA6NEM,2022-09-13,NOT_ACT,23
id_RTA6NEM,2022-09-13,NOT_ACT,11
id_RTA6NEM,2022-09-13,NOT_ACT,11
id_RTA6NEM,2022-09-13,NOT_ACT,4
id_RTA6NEM,2022-09-13,ACT,42
id_RTA6NEM,2022-09-13,ACT,8
id_RTA6NEM,2022-09-13,NOT_ACT,4
id_RTA6NEM,2022-09-13,ACT,33
id_RTA6NEM,2022-09-13,NOT_ACT,24
id_RTA6NEM,2022-09-13,ACT,50
id_RTA6NEM,2022-09-13,NOT_ACT,38
id_RTA6NEM,2022-09-13,NOT_ACT,46
id_RTA6NEM,2022-09-13,ACT,41
id_RTA6NEM,2022-09-13,ACT,36
id_RTA6NEM,2022-09-13,NOT_ACT,8
id_RTA6NEM,2022-09-13,NOT_ACT,11
id_RTA6NEM,2022-09-13,ACT,4
id_RTA6NEM,2022-09-13,ACT,4
id_RTA6NEM,2022-09-13,ACT,6
id_RTA6NEM,2022-09-13,ACT,102
id_RTA6NEM,2022-09-13,ACT,160
id_RTA6NEM,2022-09-13,NOT_ACT,26
id_RTA6NEM,2022-09-13,NOT_ACT,39
id_RTA6NEM,2022-09-13,ACT,52
id_RTA6NEM,2022-09-13,ACT,57
id_RTA6NEM,2022-09-13,NOT_ACT,44
id_RTA6NEM,2022-09-13,NOT_ACT,8
id_RTA6NEM,2022-09-13,NOT_ACT,1
id_RTA6NEM,2022-09-13,NOT_ACT,28
id_RTA6NEM,2022-09-13,NOT_ACT,3
id_RTA6NEM,2022-09-13,NOT_ACT,1
id_RTA6NEM,2022-09-13,ACT,18
id_RTA6NEM,2022-09-13,ACT,15
id_RTA6NEM,2022-09-13,ACT,16
id_RTA6NEM,2022-09-13,ACT,33
id_RTA6NEM,2022-09-13,NOT_ACT,1
id_RTA6NEM,2022-09-13,NOT_ACT,2
id_RTA6NEM,2022-09-13,NOT_ACT,30
id_RTA6NEM,2022-09-13,ACT,36
id_RTA6NEM,2022-09-13,NOT_ACT,41
id_RTA6NEM,2022-09-13,ACT,4
id_RTA6NEM,2022-09-13,NOT_ACT,3
id_RTA6NEM,2022-09-13,ACT,6
id_RTA6NEM,2022-09-13,ACT,18
id_RTA6NEM,2022-09-13,NOT_ACT,1
id_RTA6NEM,2022-09-13,NOT_ACT,1
id_RTA6NEM,2022-09-13,ACT,49
id_RTA6NEM,2022-09-13,NOT_ACT,1
id_RTA6NEM,2022-09-13,ACT,14
id_RTA6NEM,2022-09-13,NOT_ACT,15
id_RTA6NEM,2022-09-13,ACT,7
id_RTA6NEM,2022-09-13,NOT_ACT,2
id_RTA6NEM,2022-09-13,NOT_ACT,9
id_RTA6NEM,2022-09-13,ACT,10
id_RTA6NEM,2022-09-13,NOT_ACT,2
id_RTA6NEM,2022-09-13,NOT_ACT,10
id_RTA6NEM,2022-09-13,NOT_ACT,1
id_RTA6NEM,2022-09-13,ACT,12
id_RTA6NEM,2022-09-14,ACT,2
id_RTA6NEM,2022-09-14,NOT_ACT,1
id_RTA6NEM,2022-09-14,NOT_ACT,1
id_RTA6NEM,2022-09-14,NOT_ACT,6
id_RTA6NEM,2022-09-14,ACT,27
id_RTA6NEM,2022-09-14,NOT_ACT,8
id_RTA6NEM,2022-09-14,NOT_ACT,2
id_RTA6NEM,2022-09-14,ACT,13
id_RTA6NEM,2022-09-14,NOT_ACT,12
id_RTA6NEM,2022-09-14,NOT_ACT,2
id_RTA6NEM,2022-09-14,NOT_ACT,11
id_RTA6NEM,2022-09-14,NOT_ACT,2
id_RTA6NEM,2022-09-14,ACT,53
id_RTA6NEM,2022-09-14,NOT_ACT,4
id_RTA6NEM,2022-09-14,NOT_ACT,4
id_RTA6NEM,2022-09-14,NOT_ACT,1
id_RTA6NEM,2022-09-14,NOT_ACT,8
id_RTA6NEM,2022-09-14,NOT_ACT,1
id_RTA6NEM,2022-09-14,NOT_ACT,12
id_RTA6NEM,2022-09-14,ACT,16
id_RTA6NEM,2022-09-14,NOT_ACT,19
id_RTA6NEM,2022-09-14,ACT,8
id_RTA6NEM,2022-09-14,NOT_ACT,12
id_RTA6NEM,2022-09-14,NOT_ACT,4
id_RTA6NEM,2022-09-14,NOT_ACT,3
id_RTA6NEM,2022-09-14,ACT,9
id_RTA6NEM,2022-09-14,ACT,45
id_RTA6NEM,2022-09-14,NOT_ACT,8
id_RTA6NEM,2022-09-14,ACT,64
id_RTA6NEM,2022-09-14,NOT_ACT,37
id_RTA6NEM,2022-09-14,NOT_ACT,29
id_RTA6NEM,2022-09-14,NOT_ACT,102
id_RTA6NEM,2022-09-14,NOT_ACT,109
id_RTA6NEM,2022-09-14,NOT_ACT,13
id_RTA6NEM,2022-09-14,ACT,21
id_RTA6NEM,2022-09-14,ACT,13
id_RTA6NEM,2022-09-14,NOT_ACT,9
id_RTA6NEM,2022-09-14,ACT,109
id_RTA6NEM,2022-09-14,ACT,18
id_RTA6NEM,2022-09-14,NOT_ACT,9
id_RTA6NEM,2022-09-14,ACT,5
id_RTA6NEM,2022-09-14,ACT,96
id_RTA6NEM,2022-09-14,ACT,60
id_RTA6NEM,2022-09-14,ABSENCE,8
id_RTA6NEM,2022-09-14,ACT,73
id_RTA6NEM,2022-09-14,ACT,95
id_RTA6NEM,2022-09-14,ACT,15
id_RTA6NEM,2022-09-14,ABSENCE,8
id_RTA6NEM,2022-09-14,ABSENCE,9
id_RTA6NEM,2022-09-14,NOT_ACT,30
id_RTA6NEM,2022-09-14,NOT_ACT,26
id_RTA6NEM,2022-09-14,NOT_ACT,31
id_RTA6NEM,2022-09-14,NOT_ACT,26
id_RTA6NEM,2022-09-14,NOT_ACT,22
id_RTA6NEM,2022-09-14,NOT_ACT,34
id_RTA6NEM,2022-09-14,NOT_ACT,22
id_RTA6NEM,2022-09-14,NOT_ACT,41
id_RTA6NEM,2022-09-14,NOT_ACT,40
id_RTA6NEM,2022-09-14,NOT_ACT,28
id_RTA6NEM,2022-09-14,NOT_ACT,18
id_RTA6NEM,2022-09-14,NOT_ACT,35
id_RTA6NEM,2022-09-14,NOT_ACT,40
id_RTA6NEM,2022-09-14,NOT_ACT,21
id_RTA6NEM,2022-09-14,NOT_ACT,27
id_RTA6NEM,2022-09-14,NOT_ACT,19
id_RTA6NEM,2022-09-14,ACT,8
id_RTA6NEM,2022-09-14,ACT,11
id_RTA6NEM,2022-09-14,ACT,3
id_RTA6NEM,2022-09-14,ACT,9
id_RTA6NEM,2022-09-14,ACT,26
id_RTA6NEM,2022-09-14,ACT,7
id_RTA6NEM,2022-09-14,ACT,105
id_RTA6NEM,2022-09-14,NOT_ACT,1
id_RTA6NEM,2022-09-14,ACT,14
id_RTA6NEM,2022-09-14,NOT_ACT,3
id_RTA6NEM,2022-09-14,NOT_ACT,1
id_RTA6NEM,2022-09-14,NOT_ACT,1
id_RTA6NEM,2022-09-14,NOT_ACT,9
id_RTA6NEM,2022-09-14,NOT_ACT,1
id_RTA6NEM,2022-09-14,NOT_ACT,2
id_RTA6NEM,2022-09-15,ABSENCE,6
id_RTA6NEM,2022-09-15,NOT_ACT,9
id_RTA6NEM,2022-09-15,NOT_ACT,17
id_RTA6NEM,2022-09-15,NOT_ACT,10
id_RTA6NEM,2022-09-15,NOT_ACT,8
id_RTA6NEM,2022-09-15,NOT_ACT,10
id_RTA6NEM,2022-09-15,ACT,2
id_RTA6NEM,2022-09-15,NOT_ACT,9
id_RTA6NEM,2022-09-15,ACT,9
id_RTA6NEM,2022-09-15,ACT,8
id_RTA6NEM,2022-09-15,NOT_ACT,31
id_RTA6NEM,2022-09-15,NOT_ACT,14
id_RTA6NEM,2022-09-15,ACT,19
id_RTA6NEM,2022-09-15,NOT_ACT,1
id_RTA6NEM,2022-09-15,NOT_ACT,2
id_RTA6NEM,2022-09-15,NOT_ACT,2
id_RTA6NEM,2022-09-15,NOT_ACT,9
id_RTA6NEM,2022-09-15,NOT_ACT,2
id_RTA6NEM,2022-09-15,NOT_ACT,9
id_RTA6NEM,2022-09-15,ACT,6
id_RTA6NEM,2022-09-15,ACT,27
id_RTA6NEM,2022-09-15,ACT,37
id_RTA6NEM,2022-09-15,NOT_ACT,35
id_RTA6NEM,2022-09-15,ACT,36
id_RTA6NEM,2022-09-15,NOT_ACT,15
id_RTA6NEM,2022-09-15,ACT,8
id_RTA6NEM,2022-09-15,ACT,19
id_RTA6NEM,2022-09-15,NOT_ACT,67
id_RTA6NEM,2022-09-15,NOT_ACT,24
id_RTA6NEM,2022-09-15,NOT_ACT,2
id_RTA6NEM,2022-09-15,NOT_ACT,3
id_RTA6NEM,2022-09-15,ABSENCE,2
id_RTA6NEM,2022-09-16,ABSENCE,8
id_RTA6NEM,2022-09-16,ACT,5
id_RTA6NEM,2022-09-16,ACT,39
id_RTA6NEM,2022-09-16,NOT_ACT,8
id_RTA6NEM,2022-09-16,NOT_ACT,1
id_RTA6NEM,2022-09-16,NOT_ACT,4
id_RTA6NEM,2022-09-16,NOT_ACT,1
id_RTA6NEM,2022-09-16,NOT_ACT,8
id_RTA6NEM,2022-09-16,ACT,14
id_RTA6NEM,2022-09-16,ACT,21
id_RTA6NEM,2022-09-16,NOT_ACT,1
id_RTA6NEM,2022-09-16,ACT,11
id_RTA6NEM,2022-09-17,NOT_ACT,1
id_RTA6NEM,2022-09-17,ACT,6
id_RTA6NEM,2022-09-17,NOT_ACT,14
id_RTA6NEM,2022-09-17,ACT,3
id_RTA6NEM,2022-09-19,NOT_ACT,10
id_RTA6NEM,2022-09-19,NOT_ACT,6
id_RTA6NEM,2022-09-19,ACT,15
id_RTA6NEM,2022-09-19,ACT,11
id_RTA6NEM,2022-09-19,NOT_ACT,8
id_RTA6NEM,2022-09-19,NOT_ACT,43
id_RTA6NEM,2022-09-19,NOT_ACT,1
id_RTA6NEM,2022-09-19,NOT_ACT,6
id_RTA6NEM,2022-09-19,ACT,6
id_RTA6NEM,2022-09-19,ACT,7
id_RTA6NEM,2022-09-19,ACT,5
id_RTA6NEM,2022-09-20,NOT_ACT,9
id_RTA6NEM,2022-09-20,ACT,25
id_RTA6NEM,2022-09-20,NOT_ACT,21
id_RTA6NEM,2022-09-20,NOT_ACT,5
id_RTA6NEM,2022-09-20,NOT_ACT,52
id_RTA6NEM,2022-09-20,NOT_ACT,41
id_RTA6NEM,2022-09-20,NOT_ACT,3
id_RTA6NEM,2022-09-20,ACT,37
id_RTA6NEM,2022-09-20,ACT,59
id_RTA6NEM,2022-09-20,NOT_ACT,1
id_RTA6NEM,2022-09-20,NOT_ACT,4
id_RTA6NEM,2022-09-20,ACT,28
id_RTA6NEM,2022-09-20,NOT_ACT,8
id_RTA6NEM,2022-09-20,NOT_ACT,8
id_RTA6NEM,2022-09-20,ACT,21
id_RTA6NEM,2022-09-20,ACT,24
id_RTA6NEM,2022-09-20,ACT,13
id_RTA6NEM,2022-09-20,ACT,32
id_RTA6NEM,2022-09-20,ACT,54
id_RTA6NEM,2022-09-20,ACT,12
id_RTA6NEM,2022-09-20,NOT_ACT,8
id_RTA6NEM,2022-09-20,NOT_ACT,20
id_RTA6NEM,2022-09-20,NOT_ACT,33
id_RTA6NEM,2022-09-20,NOT_ACT,6
id_RTA6NEM,2022-09-20,NOT_ACT,9
id_RTA6NEM,2022-09-20,NOT_ACT,42
id_RTA6NEM,2022-09-20,ACT,51
id_RTA6NEM,2022-09-20,NOT_ACT,1
id_RTA6NEM,2022-09-20,ACT,2
id_RTA6NEM,2022-09-20,NOT_ACT,9
id_RTA6NEM,2022-09-20,ACT,4
id_RTA6NEM,2022-09-20,ACT,36
id_RTA6NEM,2022-09-20,NOT_ACT,43
id_RTA6NEM,2022-09-20,NOT_ACT,13
id_RTA6NEM,2022-09-20,NOT_ACT,3
id_RTA6NEM,2022-09-20,ACT,23
id_RTA6NEM,2022-09-20,NOT_ACT,6
id_RTA6NEM,2022-09-20,NOT_ACT,6
id_RTA6NEM,2022-09-20,NOT_ACT,6
id_RTA6NEM,2022-09-20,NOT_ACT,2
id_RTA6NEM,2022-09-20,ACT,98
id_RTA6NEM,2022-09-20,ACT,18
id_RTA6NEM,2022-09-20,NOT_ACT,91
id_RTA6NEM,2022-09-20,NOT_ACT,35
id_RTA6NEM,2022-09-20,NOT_ACT,13
id_RTA6NEM,2022-09-20,ACT,46
id_RTA6NEM,2022-09-20,ACT,12
id_RTA6NEM,2022-09-20,ACT,61
id_RTA6NEM,2022-09-20,ACT,12
id_RTA6NEM,2022-09-20,ACT,59
id_RTA6NEM,2022-09-20,ACT,56
id_RTA6NEM,2022-09-20,NOT_ACT,7
id_RTA6NEM,2022-09-20,ACT,10
id_RTA6NEM,2022-09-20,NOT_ACT,39
id_RTA6NEM,2022-09-20,ACT,31
id_RTA6NEM,2022-09-20,NOT_ACT,37
id_RTA6NEM,2022-09-20,NOT_ACT,18
id_RTA6NEM,2022-09-20,ACT,7
id_RTA6NEM,2022-09-20,ACT,73
id_RTA6NEM,2022-09-20,NOT_ACT,1
id_RTA6NEM,2022-09-20,NOT_ACT,17
id_RTA6NEM,2022-09-20,NOT_ACT,13
id_RTA6NEM,2022-09-20,NOT_ACT,4
id_RTA6NEM,2022-09-20,NOT_ACT,18
id_RTA6NEM,2022-09-20,NOT_ACT,1
id_RTA6NEM,2022-09-21,ABSENCE,1
id_RTA6NEM,2022-09-21,ACT,16
id_RTA6NEM,2022-09-21,NOT_ACT,19
id_RTA6NEM,2022-09-21,NOT_ACT,4
id_RTA6NEM,2022-09-21,NOT_ACT,1
id_RTA6NEM,2022-09-21,NOT_ACT,2
id_RTA6NEM,2022-09-21,NOT_ACT,2
id_RTA6NEM,2022-09-21,NOT_ACT,1
id_RTA6NEM,2022-09-21,NOT_ACT,1
id_RTA6NEM,2022-09-21,NOT_ACT,1
id_RTA6NEM,2022-09-21,NOT_ACT,1
id_RTA6NEM,2022-09-21,NOT_ACT,4
id_RTA6NEM,2022-09-21,NOT_ACT,14
id_RTA6NEM,2022-09-21,NOT_ACT,1
id_RTA6NEM,2022-09-21,NOT_ACT,1
id_RTA6NEM,2022-09-21,NOT_ACT,3
id_RTA6NEM,2022-09-21,NOT_ACT,2
id_RTA6NEM,2022-09-21,NOT_ACT,2
id_RTA6NEM,2022-09-21,NOT_ACT,1
id_RTA6NEM,2022-09-21,NOT_ACT,5
id_RTA6NEM,2022-09-21,NOT_ACT,29
id_RTA6NEM,2022-09-21,ACT,23
id_RTA6NEM,2022-09-21,NOT_ACT,4
id_RTA6NEM,2022-09-21,NOT_ACT,3
id_RTA6NEM,2022-09-22,NOT_ACT,1
id_RTA6NEM,2022-09-22,NOT_ACT,1
id_RTA6NEM,2022-09-22,NOT_ACT,3
id_RTA6NEM,2022-09-23,NOT_ACT,11
id_RTA6NEM,2022-09-23,NOT_ACT,4
id_RTA6NEM,2022-09-23,NOT_ACT,1
id_RTA6NEM,2022-09-23,NOT_ACT,48
id_RTA6NEM,2022-09-23,NOT_ACT,5
id_RTA6NEM,2022-09-23,NOT_ACT,7
id_RTA6NEM,2022-09-23,NOT_ACT,5
id_RTA6NEM,2022-09-23,NOT_ACT,7
id_RTA6NEM,2022-09-23,ACT,11
id_RTA6NEM,2022-09-23,NOT_ACT,1
id_RTA6NEM,2022-09-23,NOT_ACT,2
id_RTA6NEM,2022-09-23,NOT_ACT,2
id_RTA6NEM,2022-09-23,NOT_ACT,4
id_RTA6NEM,2022-09-23,ABSENCE,4
id_RTA6NEM,2022-09-23,NOT_ACT,1
id_RTA6NEM,2022-09-23,NOT_ACT,2
id_RTA6NEM,2022-09-23,NOT_ACT,2
id_RTA6NEM,2022-09-23,NOT_ACT,1
id_RTA6NEM,2022-09-23,NOT_ACT,10
id_RTA6NEM,2022-09-23,NOT_ACT,14
id_RTA6NEM,2022-09-23,ACT,10
id_RTA6NEM,2022-09-23,ACT,24
id_RTA6NEM,2022-09-23,ACT,14
id_RTA6NEM,2022-09-23,NOT_ACT,8
id_RTA6NEM,2022-09-23,NOT_ACT,6
id_RTA6NEM,2022-09-23,NOT_ACT,17
id_RTA6NEM,2022-09-23,ACT,25
id_RTA6NEM,2022-09-23,NOT_ACT,5
id_RTA6NEM,2022-09-23,NOT_ACT,1
id_RTA6NEM,2022-09-23,NOT_ACT,8
id_RTA6NEM,2022-09-23,NOT_ACT,3
id_RTA6NEM,2022-09-23,NOT_ACT,16
id_RTA6NEM,2022-09-23,NOT_ACT,21
id_RTA6NEM,2022-09-23,NOT_ACT,1
id_RTA6NEM,2022-09-24,ACT,22
id_RTA6NEM,2022-09-24,NOT_ACT,3
id_RTA6NEM,2022-09-24,NOT_ACT,2
id_RTA6NEM,2022-09-24,NOT_ACT,10
id_RTA6NEM,2022-09-24,NOT_ACT,10
id_RTA6NEM,2022-09-24,ACT,32
id_RTA6NEM,2022-09-24,NOT_ACT,20
id_RTA6NEM,2022-09-24,ACT,10
id_RTA6NEM,2022-09-24,ACT,5
id_RTA6NEM,2022-09-24,ACT,20
id_RTA6NEM,2022-09-24,NOT_ACT,1
id_RTA6NEM,2022-09-24,NOT_ACT,11
id_RTA6NEM,2022-09-24,ACT,13
id_RTA6NEM,2022-09-24,NOT_ACT,10
id_RTA6NEM,2022-09-24,NOT_ACT,7
id_RTA6NEM,2022-09-24,ACT,3
id_RTA6NEM,2022-09-24,NOT_ACT,13
id_RTA6NEM,2022-09-24,NOT_ACT,2
id_RTA6NEM,2022-09-24,ACT,13
id_RTA6NEM,2022-09-24,NOT_ACT,4
id_RTA6NEM,2022-09-24,NOT_ACT,3
id_RTA6NEM,2022-09-24,NOT_ACT,6
id_RTA6NEM,2022-09-24,ACT,32
id_RTA6NEM,2022-09-24,ACT,85
id_RTA6NEM,2022-09-24,ACT,22
id_RTA6NEM,2022-09-24,NOT_ACT,2
id_RTA6NEM,2022-09-24,NOT_ACT,7
id_RTA6NEM,2022-09-24,ACT,59
id_RTA6NEM,2022-09-24,NOT_ACT,1
id_RTA6NEM,2022-09-24,NOT_ACT,4
id_RTA6NEM,2022-09-24,NOT_ACT,4
id_RTA6NEM,2022-09-24,NOT_ACT,1
id_RTA6NEM,2022-09-24,NOT_ACT,1
id_RTA6NEM,2022-09-25,ABSENCE,1
id_RTA6NEM,2022-09-25,NOT_ACT,2
id_RTA6NEM,2022-09-25,NOT_ACT,2
id_RTA6NEM,2022-09-25,NOT_ACT,1
id_RTA6NEM,2022-09-25,NOT_ACT,8
id_RTA6NEM,2022-09-25,NOT_ACT,3
id_RTA6NEM,2022-09-25,ACT,89
id_RTA6NEM,2022-09-25,NOT_ACT,2
id_RTA6NEM,2022-09-25,NOT_ACT,1
id_RTA6NEM,2022-09-25,NOT_ACT,1
id_RTA6NEM,2022-09-25,NOT_ACT,15
id_RTA6NEM,2022-09-25,ACT,5
id_RTA6NEM,2022-09-25,ACT,32
id_RTA6NEM,2022-09-25,NOT_ACT,1
id_RTA6NEM,2022-09-25,ACT,49
id_RTA6NEM,2022-09-25,NOT_ACT,4
id_RTA6NEM,2022-09-25,NOT_ACT,14
id_RTA6NEM,2022-09-25,NOT_ACT,2
id_RTA6NEM,2022-09-25,NOT_ACT,1
id_RTA6NEM,2022-09-25,NOT_ACT,12
id_RTA6NEM,2022-09-26,NOT_ACT,5
id_RTA6NEM,2022-09-26,NOT_ACT,5
id_RTA6NEM,2022-09-26,ACT,25
id_RTA6NEM,2022-09-26,NOT_ACT,2
id_RTA6NEM,2022-09-26,NOT_ACT,1
id_RTA6NEM,2022-09-27,NOT_ACT,1
id_RTA6NEM,2022-09-27,NOT_ACT,2
id_RTA6NEM,2022-09-27,ACT,8
id_RTA6NEM,2022-09-27,NOT_ACT,2
id_RTA6NEM,2022-09-27,NOT_ACT,2
id_RTA6NEM,2022-09-27,NOT_ACT,4
id_RTA6NEM,2022-09-27,NOT_ACT,7
id_RTA6NEM,2022-09-27,NOT_ACT,5
id_RTA6NEM,2022-09-27,NOT_ACT,3
id_RTA6NEM,2022-09-27,NOT_ACT,3
id_RTA6NEM,2022-09-27,ACT,24
id_RTA6NEM,2022-09-27,ACT,35
id_RTA6NEM,2022-09-27,NOT_ACT,2
id_RTA6NEM,2022-09-27,NOT_ACT,9
id_RTA6NEM,2022-09-27,ACT,29
id_RTA6NEM,2022-09-27,NOT_ACT,2
id_RTA6NEM,2022-09-27,NOT_ACT,2
id_RTA6NEM,2022-09-27,NOT_ACT,3
id_RTA6NEM,2022-09-27,NOT_ACT,1
id_RTA6NEM,2022-09-27,NOT_ACT,15
id_RTA6NEM,2022-09-27,NOT_ACT,10
id_RTA6NEM,2022-09-27,NOT_ACT,3
id_RTA6NEM,2022-09-27,NOT_ACT,1
id_RTA6NEM,2022-09-27,NOT_ACT,1
id_RTA6NEM,2022-09-27,NOT_ACT,4
id_RTA6NEM,2022-09-28,ACT,7
id_RTA6NEM,2022-09-28,NOT_ACT,2
id_RTA6NEM,2022-09-28,NOT_ACT,28
id_RTA6NEM,2022-09-28,ACT,10
id_RTA6NEM,2022-09-28,NOT_ACT,10
id_RTA6NEM,2022-09-28,NOT_ACT,10
id_RTA6NEM,2022-09-28,NOT_ACT,8
id_RTA6NEM,2022-09-28,ACT,42
id_RTA6NEM,2022-09-28,NOT_ACT,6
id_RTA6NEM,2022-09-28,ACT,10
id_RTA6NEM,2022-09-28,NOT_ACT,20
id_RTA6NEM,2022-09-28,NOT_ACT,6
id_RTA6NEM,2022-09-28,NOT_ACT,1
id_RTA6NEM,2022-09-28,NOT_ACT,5
id_RTA6NEM,2022-09-28,ACT,25
id_RTA6NEM,2022-09-28,ACT,2
id_RTA6NEM,2022-09-28,NOT_ACT,6
id_RTA6NEM,2022-09-28,ACT,66
id_RTA6NEM,2022-09-28,NOT_ACT,41
id_RTA6NEM,2022-09-28,NOT_ACT,4
id_RTA6NEM,2022-09-28,ACT,72
id_RTA6NEM,2022-09-28,ACT,4
id_RTA6NEM,2022-09-28,NOT_ACT,13
id_RTA6NEM,2022-09-28,NOT_ACT,6
id_RTA6NEM,2022-09-28,ACT,36
id_RTA6NEM,2022-09-28,NOT_ACT,25
id_RTA6NEM,2022-09-28,ACT,35
id_RTA6NEM,2022-09-28,NOT_ACT,17
id_RTA6NEM,2022-09-28,ACT,4
id_RTA6NEM,2022-09-28,ACT,19
id_RTA6NEM,2022-09-28,ACT,12
id_RTA6NEM,2022-09-28,ACT,4
id_RTA6NEM,2022-09-28,NOT_ACT,1
id_RTA6NEM,2022-09-28,NOT_ACT,4
id_RTA6NEM,2022-09-28,NOT_ACT,3
id_RTA6NEM,2022-09-28,NOT_ACT,1
id_RTA6NEM,2022-09-28,ACT,11
id_RTA6NEM,2022-09-28,NOT_ACT,2
id_RTA6NEM,2022-09-28,NOT_ACT,34
id_RTA6NEM,2022-09-28,NOT_ACT,42
id_RTA6NEM,2022-09-28,NOT_ACT,12
id_RTA6NEM,2022-09-28,NOT_ACT,2
id_RTA6NEM,2022-09-28,NOT_ACT,2
id_RTA6NEM,2022-09-28,NOT_ACT,4
id_RTA6NEM,2022-09-28,ACT,4
id_RTA6NEM,2022-09-28,NOT_ACT,1
id_RTA6NEM,2022-09-29,NOT_ACT,4
id_RTA6NEM,2022-09-29,NOT_ACT,1
id_RTA6NEM,2022-09-29,ACT,5
id_RTA6NEM,2022-09-29,NOT_ACT,5
id_RTA6NEM,2022-09-29,NOT_ACT,3
id_RTA6NEM,2022-09-29,NOT_ACT,2
id_RTA6NEM,2022-09-29,NOT_ACT,2
id_RTA6NEM,2022-09-29,NOT_ACT,1
id_RTA6NEM,2022-09-29,ACT,7
id_RTA6NEM,2022-09-29,NOT_ACT,33
id_RTA6NEM,2022-09-29,ACT,28
id_RTA6NEM,2022-09-29,NOT_ACT,2
id_RTA6NEM,2022-09-29,NOT_ACT,1
id_RTA6NEM,2022-09-29,NOT_ACT,2
id_RTA6NEM,2022-09-29,NOT_ACT,1
id_RTA6NEM,2022-09-29,NOT_ACT,2
id_RTA6NEM,2022-09-29,NOT_ACT,1
id_RTA6NEM,2022-09-29,NOT_ACT,3
id_RTA6NEM,2022-09-29,NOT_ACT,23
id_RTA6NEM,2022-09-29,NOT_ACT,3
id_RTA6NEM,2022-09-29,NOT_ACT,2
id_OTc6RjQ,2022-09-01,NOT_ACT,9
id_OTc6RjQ,2022-09-01,ACT,6
id_OTc6RjQ,2022-09-01,ACT,2
id_OTc6RjQ,2022-09-01,ACT,49
id_OTc6RjQ,2022-09-01,NOT_ACT,1
id_OTc6RjQ,2022-09-01,ACT,7
id_OTc6RjQ,2022-09-01,ACT,28
id_OTc6RjQ,2022-09-01,ACT,2
id_OTc6RjQ,2022-09-01,NOT_ACT,2
id_OTc6RjQ,2022-09-01,ACT,41
id_OTc6RjQ,2022-09-01,ACT,196
id_OTc6RjQ,2022-09-01,NOT_ACT,120
id_OTc6RjQ,2022-09-01,NOT_ACT,3
id_OTc6RjQ,2022-09-01,ACT,14
id_OTc6RjQ,2022-09-01,ACT,9
id_OTc6RjQ,2022-09-01,ACT,14
id_OTc6RjQ,2022-09-01,ACT,8
id_OTc6RjQ,2022-09-01,NOT_ACT,3
id_OTc6RjQ,2022-09-01,ACT,16
id_OTc6RjQ,2022-09-01,ACT,11
id_OTc6RjQ,2022-09-01,NOT_ACT,7
id_OTc6RjQ,2022-09-01,ACT,21
id_OTc6RjQ,2022-09-01,ACT,2
id_OTc6RjQ,2022-09-01,ACT,51
id_OTc6RjQ,2022-09-01,ACT,10
id_OTc6RjQ,2022-09-01,ACT,29
id_OTc6RjQ,2022-09-01,NOT_ACT,4
id_OTc6RjQ,2022-09-01,ACT,13
id_OTc6RjQ,2022-09-01,NOT_ACT,13
id_OTc6RjQ,2022-09-01,ACT,10
id_OTc6RjQ,2022-09-01,ACT,14
id_OTc6RjQ,2022-09-01,NOT_ACT,2
id_OTc6RjQ,2022-09-01,ACT,4
id_OTc6RjQ,2022-09-01,ACT,8
id_OTc6RjQ,2022-09-01,ACT,8
id_OTc6RjQ,2022-09-01,NOT_ACT,14
id_OTc6RjQ,2022-09-01,NOT_ACT,9
id_OTc6RjQ,2022-09-01,ACT,14
id_OTc6RjQ,2022-09-01,NOT_ACT,7
id_OTc6RjQ,2022-09-01,ACT,5
id_OTc6RjQ,2022-09-01,ACT,5
id_OTc6RjQ,2022-09-01,NOT_ACT,17
id_OTc6RjQ,2022-09-01,ACT,89
id_OTc6RjQ,2022-09-01,ACT,118
id_OTc6RjQ,2022-09-01,ACT,4
id_OTc6RjQ,2022-09-02,ACT,5
id_OTc6RjQ,2022-09-02,ACT,13
id_OTc6RjQ,2022-09-02,ACT,3
id_OTc6RjQ,2022-09-02,ACT,46
id_OTc6RjQ,2022-09-02,NOT_ACT,6
id_OTc6RjQ,2022-09-02,NOT_ACT,2
id_OTc6RjQ,2022-09-02,ACT,4
id_OTc6RjQ,2022-09-02,ACT,5
id_OTc6RjQ,2022-09-02,ACT,4
id_OTc6RjQ,2022-09-02,ACT,42
id_OTc6RjQ,2022-09-02,ACT,8
id_OTc6RjQ,2022-09-02,ACT,30
id_OTc6RjQ,2022-09-02,NOT_ACT,3
id_OTc6RjQ,2022-09-02,ACT,34
id_OTc6RjQ,2022-09-02,ACT,13
id_OTc6RjQ,2022-09-02,NOT_ACT,9
id_OTc6RjQ,2022-09-02,ACT,12
id_OTc6RjQ,2022-09-02,NOT_ACT,5
id_OTc6RjQ,2022-09-02,ACT,27
id_OTc6RjQ,2022-09-02,ACT,79
id_OTc6RjQ,2022-09-02,ACT,7
id_OTc6RjQ,2022-09-02,ACT,12
id_OTc6RjQ,2022-09-02,ACT,14
id_OTc6RjQ,2022-09-02,ACT,7
id_OTc6RjQ,2022-09-02,NOT_ACT,53
id_OTc6RjQ,2022-09-02,ACT,14
id_OTc6RjQ,2022-09-02,NOT_ACT,2
id_OTc6RjQ,2022-09-02,ACT,11
id_OTc6RjQ,2022-09-02,ACT,16
id_OTc6RjQ,2022-09-02,ACT,182
id_OTc6RjQ,2022-09-02,ABSENCE,9
id_OTc6RjQ,2022-09-02,ACT,11
id_OTc6RjQ,2022-09-02,NOT_ACT,2
id_OTc6RjQ,2022-09-02,ACT,87
id_OTc6RjQ,2022-09-02,NOT_ACT,15
id_OTc6RjQ,2022-09-02,ACT,30
id_OTc6RjQ,2022-09-02,ACT,32
id_OTc6RjQ,2022-09-02,ACT,8
id_OTc6RjQ,2022-09-02,ACT,36
id_OTc6RjQ,2022-09-02,ACT,17
id_OTc6RjQ,2022-09-03,ACT,4
id_OTc6RjQ,2022-09-03,NOT_ACT,8
id_OTc6RjQ,2022-09-03,ACT,6
id_OTc6RjQ,2022-09-03,ACT,8
id_OTc6RjQ,2022-09-03,ACT,4
id_OTc6RjQ,2022-09-03,NOT_ACT,2
id_OTc6RjQ,2022-09-03,ACT,6
id_OTc6RjQ,2022-09-03,NOT_ACT,2
id_OTc6RjQ,2022-09-03,NOT_ACT,5
id_OTc6RjQ,2022-09-03,ACT,11
id_OTc6RjQ,2022-09-03,NOT_ACT,2
id_OTc6RjQ,2022-09-03,NOT_ACT,6
id_OTc6RjQ,2022-09-03,ACT,97
id_OTc6RjQ,2022-09-03,ACT,111
id_OTc6RjQ,2022-09-03,ACT,7
id_OTc6RjQ,2022-09-03,ACT,8
id_OTc6RjQ,2022-09-03,NOT_ACT,3
id_OTc6RjQ,2022-09-03,ACT,12
id_OTc6RjQ,2022-09-03,ACT,26
id_OTc6RjQ,2022-09-03,ACT,4
id_OTc6RjQ,2022-09-03,ACT,75
id_OTc6RjQ,2022-09-03,ACT,4
id_OTc6RjQ,2022-09-03,ACT,84
id_OTc6RjQ,2022-09-03,ACT,9
id_OTc6RjQ,2022-09-03,ACT,36
id_OTc6RjQ,2022-09-03,ACT,33
id_OTc6RjQ,2022-09-03,NOT_ACT,3
id_OTc6RjQ,2022-09-03,ACT,23
id_OTc6RjQ,2022-09-03,ACT,3
id_OTc6RjQ,2022-09-03,ACT,10
id_OTc6RjQ,2022-09-03,ACT,170
id_OTc6RjQ,2022-09-03,ACT,134
id_OTc6RjQ,2022-09-03,ACT,9
id_OTc6RjQ,2022-09-03,NOT_ACT,1
id_OTc6RjQ,2022-09-03,NOT_ACT,1
id_OTc6RjQ,2022-09-04,ACT,6
id_OTc6RjQ,2022-09-04,ACT,3
id_OTc6RjQ,2022-09-04,ACT,5
id_OTc6RjQ,2022-09-04,ACT,7
id_OTc6RjQ,2022-09-04,ACT,11
id_OTc6RjQ,2022-09-04,ACT,4
id_OTc6RjQ,2022-09-04,NOT_ACT,71
id_OTc6RjQ,2022-09-04,NOT_ACT,9
id_OTc6RjQ,2022-09-04,NOT_ACT,5
id_OTc6RjQ,2022-09-04,ACT,104
id_OTc6RjQ,2022-09-04,NOT_ACT,22
id_OTc6RjQ,2022-09-04,ACT,8
id_OTc6RjQ,2022-09-04,ACT,11
id_OTc6RjQ,2022-09-04,NOT_ACT,1
id_OTc6RjQ,2022-09-04,ACT,2
id_OTc6RjQ,2022-09-04,NOT_ACT,2
id_OTc6RjQ,2022-09-04,NOT_ACT,3
id_OTc6RjQ,2022-09-04,NOT_ACT,2
id_OTc6RjQ,2022-09-04,ACT,16
id_OTc6RjQ,2022-09-04,ACT,9
id_OTc6RjQ,2022-09-04,NOT_ACT,1
id_OTc6RjQ,2022-09-04,ACT,31
id_OTc6RjQ,2022-09-04,ACT,17
id_OTc6RjQ,2022-09-04,ACT,12
id_OTc6RjQ,2022-09-04,ACT,30
id_OTc6RjQ,2022-09-04,ACT,27
id_OTc6RjQ,2022-09-04,NOT_ACT,5
id_OTc6RjQ,2022-09-04,ACT,4
id_OTc6RjQ,2022-09-04,NOT_ACT,5
id_OTc6RjQ,2022-09-04,NOT_ACT,12
id_OTc6RjQ,2022-09-04,ACT,9
id_OTc6RjQ,2022-09-05,NOT_ACT,2
id_OTc6RjQ,2022-09-05,NOT_ACT,1
id_OTc6RjQ,2022-09-05,NOT_ACT,1
id_OTc6RjQ,2022-09-05,ACT,6
id_OTc6RjQ,2022-09-05,ACT,49
id_OTc6RjQ,2022-09-05,ACT,38
id_OTc6RjQ,2022-09-05,NOT_ACT,1
id_OTc6RjQ,2022-09-05,NOT_ACT,5
id_OTc6RjQ,2022-09-05,NOT_ACT,11
id_OTc6RjQ,2022-09-05,NOT_ACT,1
id_OTc6RjQ,2022-09-05,NOT_ACT,1
id_OTc6RjQ,2022-09-05,NOT_ACT,15
id_OTc6RjQ,2022-09-05,ACT,72
id_OTc6RjQ,2022-09-05,NOT_ACT,4
id_OTc6RjQ,2022-09-05,NOT_ACT,1
id_OTc6RjQ,2022-09-05,ACT,47
id_OTc6RjQ,2022-09-05,NOT_ACT,2
id_OTc6RjQ,2022-09-05,ACT,3
id_OTc6RjQ,2022-09-05,NOT_ACT,4
id_OTc6RjQ,2022-09-05,NOT_ACT,1
id_OTc6RjQ,2022-09-05,NOT_ACT,64
id_OTc6RjQ,2022-09-05,ACT,32
id_OTc6RjQ,2022-09-05,NOT_ACT,17
id_OTc6RjQ,2022-09-05,ACT,9
id_OTc6RjQ,2022-09-05,NOT_ACT,1
id_OTc6RjQ,2022-09-05,ACT,37
id_OTc6RjQ,2022-09-05,NOT_ACT,59
id_OTc6RjQ,2022-09-05,ACT,36
id_OTc6RjQ,2022-09-05,ACT,27
